"richness","links","connectance","diameter","complexity","distance","basal","top","intermediate","predpreyRatio","herbivory","omnivory","cannibal","l_S","GenSD","VulSD","TL","ChLen","ChSD","ChNum","path","LinkSD","S1","S2","S4","S5","ρ","centrality","loops","resilience","robustness","intervals","MaxSim","Clust","trophicCoherence","trophicVar","control"
85,223,0.0308650519031142,3,0.922146683573375,1,0.0117647058823529,0.588235294117647,0.4,0.416666666666667,0.223529411764706,0.317647058823529,0.0470588235294118,2.62352941176471,0.964598456793385,1.98144876246249,2.90738727342789,4.16468114926419,1.24329898947319,7.26332961747684,1.02232142857143,2.22629240075989,0.0453979238754325,0.0369550173010381,0.142837370242215,0.0236678200692042,0.866198356389398,0.525141335459892,0.0470588235294118,0.505326788952519,0.283882352941176,24,0.516006555672255,0.275330743724202,0.445798395366459,0.552167427617376,0.588235294117647
102,697,0.0669934640522876,4,0.908472774420607,3,0.529411764705882,0.254901960784314,0.215686274509804,1.58333333333333,0.392156862745098,0.0784313725490196,0.00980392156862745,6.83333333333333,1.39518561467001,1.26460463537855,1.51235883838092,2.48066298342541,1.10444893906416,7.14440718032114,1.16441717791411,1.37272662529673,0.0688196847366398,0.0111495578623606,0.546712802768166,0.624279123414072,0.739688201451634,11.1480436968022,0.00980392156862745,0.764705882352941,0.48421568627451,618,0.526523061176982,0.0582962838074322,0.159480784255022,0.331474782350754,0.568627450980392
31,68,0.0707596253902185,5,0.921240063304968,2,0.161290322580645,0.32258064516129,0.516129032258065,0.807692307692308,0.193548387096774,0.516129032258065,0.032258064516129,2.19354838709677,0.757545663657282,1.13158874136533,2.47917662285942,3.208,1.10202160273891,4.8283137373023,1,1.11387391996278,0.0832466181061394,0.0218522372528616,0.115504682622268,0.0572320499479709,0.701599130002006,1.22222222222222,0.032258064516129,0.569499236342056,0.386774193548387,11,0.502950006982265,0.23810803891449,0.497786823111428,0.757368215807238,0.419354838709677
155,1509,0.0628095733610822,7,0.895179126389134,4,0.180645161290323,0.129032258064516,0.690322580645161,1.06299212598425,0.174193548387097,0.574193548387097,0.0129032258064516,9.73548387096774,1.27226804963077,1.13225435353533,2.91605512741748,7.96162931274993,2.11023048867709,12.2786723379445,1.94466868483014,1.83227694309983,0.356753381893861,0.117544224765869,0.438834547346514,0.478043704474506,0.832139613865195,4.9411684987451,0.451612903225806,0.567056002478515,0.427483870967742,1989,0.513743771121453,0.219757867722512,1.00397803147297,1.58229717046215,0.309677419354839
61,97,0.0260682612201021,2,0.958558846470675,1,0.131147540983607,0.311475409836066,0.557377049180328,0.792452830188679,0.245901639344262,0.213114754098361,0,1.59016393442623,1.46755030595914,1.09752908501992,2.60914058618977,2.54166666666667,0.603685861784347,4.27666611901606,1,1.60127685792475,0.0177371674281107,0.00752485890889546,0.0247245364149422,0.0440741736092448,0.532079900273145,0.402591973244147,0,0.524618621658011,0.234918032786885,5,0.374643389397488,0.384003974167909,0.40409051141315,0.696224515397392,0.459016393442623
79,1403,0.224803717352988,8,0.85830833001259,1,0.0253164556962025,0.0379746835443038,0.936708860759494,0.987012987012987,0.189873417721519,0.784810126582278,0.316455696202532,17.7594936708861,0.895324179323317,0.733457148583315,3.004050826951,9.53056066214086,1.96559191470301,14.0157817190778,1.12678803641092,0.858763921765523,0.905463867969877,1.64893446563051,1.15286011857074,1.63563531485339,1.11239442357,4.09934877869655,0.506329113924051,0.521639814971059,0.454430379746835,712,0.697978879066986,0.61513257663341,0.58132724101876,0.66428882011341,0.20253164556962
25,197,0.3152,3,0.825271420662419,3,0.04,0.04,0.92,1,0.32,0.6,0.32,7.88,0.916081935191571,0.538804850358398,2.63928118128576,2.94117647058824,0.747545001596402,2.83321334405622,1.17826086956522,0.59981229939576,0.2944,0.8384,0.4016,0.872,1.19632671121955,1.61268542959349,0.32,0.52612849614154,0.3708,26,0.726809969399739,0.658046008970763,0.538801892541834,0.460576288510193,0.32
48,221,0.0959201388888889,4,0.907348169492,3,0.125,0.1875,0.6875,0.928571428571429,0.166666666666667,0.708333333333333,0.0625,4.60416666666667,0.745333555441122,0.911336089438964,2.64407607866029,6.03946864222762,1.56264209122146,8.96559006690791,1.52127659574468,1.04017214263461,0.267795138888889,0.0967881944444444,0.246961805555556,0.191840277777778,0.808953376632691,3.38820991056751,0.0625,0.567411453634346,0.459166666666667,157,0.458937761228404,0.303251337800486,0.571808848684814,0.952208535245635,0.270833333333333
42,205,0.116213151927438,3,0.892721824139676,3,0.142857142857143,0.166666666666667,0.69047619047619,0.972222222222222,0.238095238095238,0.595238095238095,0,4.88095238095238,1.02108926805439,0.782710250418032,2.61449528605505,4.49017199017199,1.20837310392158,7.80057265467065,1.57142857142857,1.03266143266275,0.265873015873016,0.138321995464853,0.256802721088435,0.375850340136054,0.846836309965577,3.12267105606705,0,0.569448308300593,0.432142857142857,116,0.535954241836595,0.325573370762446,0.590632133228389,0.903268623830643,0.30952380952381
109,829,0.0697752714417978,3,0.906931628248401,2,0.559633027522936,0.174311926605505,0.26605504587156,1.875,0.321100917431193,0.119266055045872,0.018348623853211,7.60550458715596,1.415785876949,1.33333611215507,1.49796369108296,2.37828947368421,0.901860980162072,7.32646561384032,1.09419496166484,1.46408351547401,0.0869455433044357,0.0104368319165053,0.68714754650282,0.746233482030132,0.789386809894243,16.0390851243932,0.018348623853211,0.766640619032666,0.479449541284404,658,0.521360916261886,0.0747387725664687,0.167274962529482,0.359252748544775,0.568807339449541
82,395,0.0587447947650208,4,0.905918212627419,3,0.0609756097560976,0.365853658536585,0.573170731707317,0.675324675324675,0.329268292682927,0.536585365853659,0.048780487804878,4.81707317073171,1.14920508877448,1.45192946418763,2.69240979041941,4.81575492341357,1.28288653069466,8.83273359199642,1.72,1.7744270440017,0.175639500297442,0.0530933967876264,0.338042831647829,0.228732897085068,0.79442967403208,1.74123181802915,0.0609756097560976,0.537190204135065,0.376951219512195,274,0.496639388017975,0.316076566006811,0.372356747630266,0.628744156197103,0.48780487804878
20,56,0.14,2,0.88241655330174,1,0.15,0.3,0.55,0.823529411764706,0.55,0.15,0,2.8,0.887010935428845,0.959714869937393,2.15,2,0,4.26267987704132,1.05084745762712,0.745556114934064,0.1775,0,0.2975,0.2725,0.880568204809358,1.78099652375435,0,0.586457200091575,0.4095,0,0.919318181818182,0,3.61772298053542e-16,0.45,0.55
19,58,0.160664819944598,3,0.897340520140296,1,0.105263157894737,0.157894736842105,0.736842105263158,0.941176470588235,0.157894736842105,0.68421052631579,0,3.05263157894737,0.910153236543869,0.863083693976908,2.5546783625731,2.88,0.656773439894878,4.31748811353631,1.09375,0.739751398147314,0.188365650969529,0.0637119113573407,0.274238227146814,0.293628808864266,0.885159353160399,1.4945295404814,0,0.556782786292655,0.372105263157895,1,0.83546365914787,0.25906432748538,0.395163971855193,0.533729254656704,0.526315789473684
13,17,0.100591715976331,2,0.975479973375684,2,0.538461538461538,0.230769230769231,0.230769230769231,1.66666666666667,0.384615384615385,0.0769230769230769,0.0769230769230769,1.30769230769231,1.37450840535858,1.14214634346751,1.44230769230769,1,0,2.30258509299405,1.11111111111111,1.27254750898729,0.0236686390532544,0,0.0946745562130178,0.118343195266272,0.812117279643073,1.78571428571429,0.0769230769230769,0.769230769230769,0.507692307692308,0,0.839194139194139,0.0897435897435897,0.46127620282659,0.251602564102564,0.692307692307692
45,211,0.104197530864198,2,0.850871798743788,3,0.444444444444444,0.0888888888888889,0.466666666666667,1.64,0.4,0.155555555555556,0.0666666666666667,4.68888888888889,1.50586777108283,0.890807317440897,1.70041391061809,3.71606557377049,1.01693546426477,7.32974968904151,1.35202492211838,1.60811281283516,0.214320987654321,0.0883950617283951,0.253333333333333,0.569876543209877,0.98378571571271,1.67019981789215,0.0666666666666667,0.721972222222222,0.493777777777778,1,0.930779778460938,0.232644083746296,0.341296141192593,0.504996201184963,0.733333333333333
35,76,0.0620408163265306,2,0.864575753800946,2,0.771428571428571,0.0285714285714286,0.2,4.25,0.171428571428571,0.0571428571428571,0.0571428571428571,2.17142857142857,2.4149834750871,0.655918083190238,1.225,1,0,2.63905732961526,1.22105263157895,2.21867049782173,0.0408163265306122,0,0.0644897959183673,0.404897959183673,0.846083067715475,10.7119031178626,0.0571428571428571,0.885714285714286,0.502571428571429,0,0.925893901420217,0.0383983768946175,0.332735208984931,0.178125,0.771428571428571
22,36,0.0743801652892562,1,0.95714168238457,2,0.590909090909091,0.409090909090909,0,1.44444444444444,0.409090909090909,0,0,1.63636363636364,1.67142178807469,1.77463346274708,1.40909090909091,1,0,3.58351893845611,1,1.96156484101709,0,0,0.206611570247934,0.18595041322314,0.853850937602944,1.66666666666667,0,0.795454545454545,0.535909090909091,0,0.956487956487956,0,3.184728772257e-16,0.253246753246753,0.818181818181818
15,19,0.0844444444444444,2,0.973779467173048,3,0.533333333333333,0.0666666666666667,0.4,2,0.4,0.0666666666666667,0,1.26666666666667,1.96728285214413,1.05357100936991,1.51111111111111,1.76923076923077,0.438529009653515,2.56494935746154,1.20833333333333,1.93073571563813,0.0444444444444444,0,0.0666666666666667,0.204444444444444,0.871784315062205,1.85571142284569,0,0.766666666666667,0.422666666666667,0,0.833333333333333,0,0.333333333333333,0.347089947089947,0.8
46,130,0.0614366729678639,1,0.91341171773106,2,0.673913043478261,0.326086956521739,0,2.06666666666667,0.326086956521739,0,0,2.82608695652174,1.70321272785234,1.04250747131371,1.32608695652174,1,0,4.86753445045558,1,1.39402689343451,0,0,0.148393194706994,0.302457466918715,0.710522946847026,14.5407875364659,0,0.836956521739131,0.500217391304348,68,0.6276659390773,0,6.33188639725281e-16,0.22463768115942,0.673913043478261
16,61,0.23828125,2,0.819214183565661,3,0.3125,0.125,0.5625,1.27272727272727,0.1875,0.5,0,3.8125,1.09712841733842,0.718125103230374,2.10041035353535,3.47169811320755,1.09464484638264,5.35658627467201,1.07575757575758,0.902920103767004,0.078125,0.4453125,0.109375,0.40234375,1.16391870222599,3.77989813656091,0,0.65625,0.49875,0,0.88699494949495,0.652733377733378,0.63827580011082,0.726322899661599,0.3125
14,23,0.11734693877551,3,0.932669961835846,2,0.214285714285714,0.142857142857143,0.642857142857143,1.09090909090909,0.214285714285714,0.142857142857143,0,1.64285714285714,1.20815897230878,0.565346010578127,2.67142857142857,3.56521739130435,0.8434823356733,3.13549421592915,1,1.25038891724928,0.122448979591837,0.0510204081632653,0.0153061224489796,0.11734693877551,0.900378729277692,0.678082191780822,0,0.565765731292517,0.324285714285714,0,0.299603174603175,0.520634920634921,0.486172434804398,1.41912087912088,0.285714285714286
9,15,0.185185185185185,2,0.933383670300663,2,0.333333333333333,0.111111111111111,0.555555555555556,1.33333333333333,0.111111111111111,0.444444444444444,0,1.66666666666667,0.948683298050514,0.519615242270663,2.20164609053498,2.86666666666667,0.743223352957207,2.70805020110221,1,0.9,0.222222222222222,0.037037037037037,0.0617283950617284,0.148148148148148,0.963706544094178,1.76923076923077,0,0.646398148148148,0.432222222222222,0,0.633333333333333,0.266666666666667,0.445352907510551,1.13054650586801,0.333333333333333
14,32,0.163265306122449,3,0.932079668283257,1,0.0714285714285714,0.142857142857143,0.785714285714286,0.923076923076923,0.142857142857143,0.5,0,2.28571428571429,0.695538667840645,0.812684890206057,3.60640692640693,4.86075949367089,0.902051468416041,4.36944785246702,1.15789473684211,1.01105666355703,0.193877551020408,0.0816326530612245,0.086734693877551,0.0663265306122449,0.979786741315746,0.949817619100254,0.142857142857143,0.594845663265306,0.359285714285714,1,0.416934652648938,0.335034013605442,0.624342825207066,1.76175798343071,0.357142857142857
29,65,0.0772889417360285,4,0.932698017008937,1,0.103448275862069,0.206896551724138,0.689655172413793,0.884615384615385,0.172413793103448,0.310344827586207,0,2.24137931034483,0.741351944077387,1.10356373459554,2.8367816091954,3.37142857142857,0.837031133239632,4.24849524204936,1.02985074626866,1.03690970741699,0.0879904875148633,0.0273483947681332,0.122473246135553,0.0665873959571938,0.69108886045161,0.914191419141914,0,0.553191137009244,0.343103448275862,9,0.702750410509031,0.371647509578544,0.409959029965191,0.808921216475096,0.448275862068966
19,51,0.141274238227147,3,0.937058988317536,1,0.105263157894737,0.105263157894737,0.789473684210526,1,0.0526315789473684,0.736842105263158,0,2.68421052631579,0.745642502597961,0.645902445938847,3.56375893437297,5.40816326530612,1.05087738379501,5.27811465923052,1.16393442622951,0.888672599598766,0.263157894736842,0.0831024930747922,0.110803324099723,0.135734072022161,0.879639615630558,1.64332280395188,0,0.609759591651039,0.376842105263158,4,0.566468619100198,0.338661046555783,0.537298304768442,2.00005447412625,0.31578947368421
14,79,0.403061224489796,2,0.803931828458519,2,0.214285714285714,0.142857142857143,0.642857142857143,1.09090909090909,0.0714285714285714,0.714285714285714,0.214285714285714,5.64285714285714,0.70065848510222,0.575743353163214,2.31950393326055,4.97181208053691,1.35176826397052,7.3065313989395,1,0.56240151624109,0.357142857142857,0.821428571428571,0.0969387755102041,0.23469387755102,1.29734599616684,4.68573730862208,0.214285714285714,0.611904761904762,0.546428571428571,2,0.864789855336074,0.877740909883767,0.587880506036288,0.742131863429365,0.214285714285714
50,246,0.0984,3,0.835362191635649,2,0.56,0.02,0.42,2.22727272727273,0.3,0.14,0.1,4.92,1.53635314805781,0.948762281923778,1.51256159652457,1,0,1.94591014905531,1.13620071684588,1.54672809946453,0.1924,0.0296,0.3544,0.6644,0.889375537271111,5.01203188684707,0.1,0.78,0.52,4,0.919655467720685,0.106471953595967,0.294913743122332,0.384512142843104,0.66
15,26,0.115555555555556,3,0.95142121479341,1,0.2,0.133333333333333,0.666666666666667,1.08333333333333,0.466666666666667,0.133333333333333,0,1.73333333333333,0.884854243910845,0.962087755191683,2.1625,2.77777777777778,0.427792631946499,2.89037175789616,1,0.921702273136131,0.12,0,0.128888888888889,0.115555555555556,0.798084310049591,0.948051948051948,0,0.592695286195286,0.405333333333333,0,0.531111111111111,0,0.238484800354236,0.643861607142857,0.533333333333333
23,137,0.258979206049149,4,0.814692027376742,3,0.347826086956522,0.173913043478261,0.478260869565217,1.26666666666667,0.0434782608695652,0.608695652173913,0.0869565217391304,5.95652173913043,0.855258595213714,0.944928116345512,1.80313107204275,3.51937984496124,1.43115288426567,5.95842469302978,1.1,0.63556636856977,0.111531190926276,0.487712665406427,0.786389413988658,0.652173913043478,1.10393851675434,1.77055449330784,0.217391304347826,0.673913043478261,0.520869565217391,10,0.750376090595969,0.504318628231672,0.47794723348803,0.38614798056118,0.347826086956522
14,25,0.127551020408163,3,0.945668312735236,1,0.0714285714285714,0.285714285714286,0.642857142857143,0.769230769230769,0.214285714285714,0.5,0,1.78571428571429,0.588505277409185,0.936507423273384,2.80059523809524,2.90909090909091,0.683763458757828,3.09104245335832,1,0.64840633034446,0.13265306122449,0.0102040816326531,0.13265306122449,0.076530612244898,0.784458037706732,0.663366336633664,0,0.555847312409812,0.390714285714286,0,0.638095238095238,0.0595238095238095,0.261870939374511,0.765539148351648,0.428571428571429
26,66,0.0976331360946746,4,0.89544205919562,1,0.384615384615385,0.192307692307692,0.423076923076923,1.3125,0.346153846153846,0.192307692307692,0,2.53846153846154,1.05840464174858,0.820535335567336,1.97149725274725,3.05392156862745,0.723997056389445,5.31811999384422,1.21428571428571,1.14132653637172,0.165680473372781,0.0236686390532544,0.131656804733728,0.18491124260355,0.83116203355789,4.26074912682163,0,0.67399813327698,0.478846153846154,9,0.591971916971917,0.0840659340659341,0.261075631471008,0.945765428767661,0.384615384615385
26,82,0.121301775147929,2,0.851265214548565,3,0.230769230769231,0.461538461538462,0.307692307692308,0.7,0.230769230769231,0.538461538461538,0,3.15384615384615,0.968780979048337,1.19547033249822,2.06370879120879,1.74117647058824,0.580495297066192,4.44265125649032,1.18,0.882212350722209,0.0798816568047337,0.0103550295857988,0.383136094674556,0.292899408284024,0.864338525763388,2.54179566563467,0,0.615384615384615,0.436923076923077,2,0.836380286380286,0.0584498834498835,0.480642533238565,0.407633506453864,0.461538461538462
47,150,0.0679040289723857,3,0.884109148244254,4,0.191489361702128,0.234042553191489,0.574468085106383,0.947368421052632,0.297872340425532,0.276595744680851,0,3.19148936170213,1.06885012032097,1.19695668844351,2.43908308004053,2.79384615384615,0.799667547256266,5.78382518232974,1.43873517786561,1.21626338362934,0.0973291081937528,0.003168854685378,0.223177908555908,0.192394748755093,0.686881008710991,5.34896810506567,0,0.582722481271899,0.387021276595745,0,0.835680513340088,0.0353246044735406,0.204905484529537,0.864961076552114,0.595744680851064
56,150,0.0478316326530612,3,0.910322518098997,3,0.285714285714286,0.196428571428571,0.517857142857143,1.125,0.267857142857143,0.321428571428571,0,2.67857142857143,1.20629192238869,1.15257673554221,2.31931175595238,3.08184143222506,1.02953944665937,5.96870755998537,1.45210727969349,1.46147842677174,0.0778061224489796,0.00956632653061224,0.114158163265306,0.122130102040816,0.64337249858107,3.49545687101036,0,0.610539362826972,0.395,13,0.703123710148395,0.113193766342263,0.506361171404404,1.16439331900196,0.482142857142857
17,33,0.114186851211073,3,0.892139701559089,2,0.235294117647059,0.411764705882353,0.352941176470588,0.769230769230769,0.294117647058824,0.235294117647059,0,1.94117647058824,0.882372521794299,1.11489827493485,2.43235294117647,2.6,0.596284793999944,4.00733318523247,1.48214285714286,1.27340350000666,0.14878892733564,0.0311418685121107,0.152249134948097,0.103806228373702,0.91616205160985,2.33878887070376,0,0.594047152194211,0.381176470588235,0,0.653603259485612,0.131512605042017,0.308727225880712,1.14935661764706,0.411764705882353
6,7,0.194444444444444,2,0.86858938325337,3,0.5,0.333333333333333,0.166666666666667,1.33333333333333,0.166666666666667,0.333333333333333,0,1.16666666666667,1.26168012376112,0.842736068785864,1.61111111111111,1.33333333333333,0.516397779494322,1.79175946922805,1.22222222222222,0.699854212223765,0.0555555555555556,0,0.0833333333333333,0.166666666666667,0.954110005881998,3.28571428571429,0,0.75,0.576666666666667,0,0.777777777777778,0,0.471404520791032,0.462962962962963,0.5
16,42,0.1640625,2,0.874256815798487,3,0.3125,0.0625,0.625,1.36363636363636,0.625,0.0625,0,2.625,1.16278915080141,1.04906105662592,1.73958333333333,1.9375,0.245934688418982,3.46573590279973,1.06666666666667,0.94856377889438,0.0703125,0.046875,0.30859375,0.359375,0.937070903621987,2.51219512195122,0,0.65625,0.4975,0,0.880827505827506,0.296085858585859,0.201619459636378,0.307291666666667,0.625
9,13,0.160493827160494,2,0.961953230514878,3,0.111111111111111,0.222222222222222,0.666666666666667,0.875,0.444444444444444,0.111111111111111,0,1.44444444444444,0.8557152100495,1.04485213132355,2.38888888888889,2.28571428571429,0.487950036474267,1.94591014905531,1.23529411764706,0.807692307692308,0.0864197530864197,0.0246913580246914,0.123456790123457,0.0864197530864197,0.88915546616639,0.788079470198676,0,0.56594708994709,0.388888888888889,0,0.583333333333333,0.281481481481481,0.288675134594813,0.611111111111111,0.555555555555556
17,32,0.110726643598616,3,0.90384298706179,3,0.176470588235294,0.235294117647059,0.588235294117647,0.928571428571429,0.235294117647059,0.470588235294118,0,1.88235294117647,1.09330348028349,0.973839954927143,2.41596638655462,2.46428571428571,0.576203594236084,3.3322045101752,1.27272727272727,1.10369363884979,0.114186851211073,0.00346020761245675,0.13840830449827,0.162629757785467,0.851286388602749,1.35440340909091,0,0.569160427807487,0.371764705882353,0,0.678571428571428,0.123529411764706,0.352737810751329,0.819665366146458,0.529411764705882
17,51,0.176470588235294,2,0.860374783803072,2,0.470588235294118,0.0588235294117647,0.470588235294118,1.77777777777778,0.176470588235294,0.352941176470588,0,3,1.30170827931778,0.540061724867322,1.73282403870639,3.23931623931624,0.826809120380488,4.76217393479776,1.08928571428571,1.13038833052088,0.179930795847751,0.173010380622837,0.0761245674740484,0.42560553633218,1.02269059014348,5.17319368847144,0,0.735294117647059,0.489411764705882,5,0.631136376119075,0.638653503359386,0.509487403393229,0.590251874854625,0.470588235294118
22,48,0.0991735537190083,3,0.919059966714514,2,0.272727272727273,0.181818181818182,0.545454545454545,1.125,0.318181818181818,0.272727272727273,0,2.18181818181818,0.83243999736098,1.00650989528776,2.17727272727273,2.91525423728814,0.56593333326219,4.07753744390572,1.05882352941176,0.985510100775308,0.130165289256198,0.0103305785123967,0.152892561983471,0.119834710743802,0.767037317115922,2.02983932670237,0,0.606856760663579,0.441818181818182,6,0.594300144300144,0.0681818181818182,0.276759362408665,0.829538239538239,0.454545454545455
7,8,0.163265306122449,2,0.987055858586713,3,0.142857142857143,0.285714285714286,0.571428571428571,0.833333333333333,0.571428571428571,0,0,1.14285714285714,0.60380736442456,1.17703724098546,2.14285714285714,2,0,1.38629436111989,1.2,0.661437827766148,0.0816326530612245,0,0.122448979591837,0.0408163265306122,0.866025403784439,0.555555555555556,0,0.5835,0.421428571428571,0,0.571428571428571,0,0,0.476190476190476,0.571428571428571
24,106,0.184027777777778,2,0.867858162916075,2,0.333333333333333,0.0833333333333333,0.583333333333333,1.375,0.0833333333333333,0.583333333333333,0,4.41666666666667,1.09487695783767,0.546164673239546,2.22770904356061,4.36155606407323,0.986404692830294,7.1785454837637,1.41758241758242,1.03577262277567,0.399305555555556,0.248263888888889,0.182291666666667,0.532986111111111,1.01826040578094,4.15156434137813,0,0.669547046703297,0.507916666666667,2,0.774428811928812,0.505594003949267,0.51276936402081,1.21092254490583,0.333333333333333
24,72,0.125,1,0.852855816123145,2,0.666666666666667,0.333333333333333,0,2,0.333333333333333,0,0,3,1.51322670887867,0.828245336940843,1.33333333333333,1,0,4.27666611901606,1,0.942809041582063,0,0,0.248263888888889,0.536458333333333,0.815993386781526,3.98972474311858,0,0.833333333333333,0.540833333333333,13,0.748686036186036,0,6.72359499760379e-16,0.231884057971014,0.666666666666667
19,22,0.0609418282548476,1,0.804449277847122,2,0.789473684210526,0.0526315789473684,0.157894736842105,4.5,0.157894736842105,0.0526315789473684,0,1.15789473684211,3.5522791090632,0.660439233869799,1.21929824561403,1.21052631578947,0.418853908291695,2.94443897916644,1,3.35786428035031,0,0.0110803324099723,0.00831024930747922,0.415512465373961,0.977039768724332,6.43478260869565,0,0.894736842105263,0.468947368421053,0,0.882733148661127,0.220674234606123,0.345032779671177,0.191520467836257,0.842105263157895
14,38,0.193877551020408,2,0.887317883326401,2,0.142857142857143,0.357142857142857,0.5,0.75,0.214285714285714,0.571428571428571,0.0714285714285714,2.71428571428571,0.810121356325879,0.95230383339201,2.00982142857143,2.3030303030303,0.58549383455595,3.49650756146648,1.15909090909091,0.702116977850543,0.137755102040816,0.102040816326531,0.255102040816327,0.224489795918367,0.996163875514077,1.83195020746888,0.0714285714285714,0.577809523809524,0.501428571428571,5,0.599214079571222,0.289880952380952,0.532283688091998,0.571206215659341,0.428571428571429
28,127,0.161989795918367,4,0.886251238626565,2,0.107142857142857,0.0714285714285714,0.821428571428571,1.04,0.0357142857142857,0.642857142857143,0.107142857142857,4.53571428571429,0.951570571063358,0.595478616965916,2.95939138074663,5.58005617977528,1.4714126655224,7.26122509197192,1.29479768786127,0.836810828961773,0.326530612244898,0.177295918367347,0.214285714285714,0.414540816326531,0.940146228732294,2.48067184089316,0.107142857142857,0.539792357100856,0.394642857142857,47,0.52352854925555,0.389763609406466,0.913559564573312,1.402073292154,0.25
32,140,0.13671875,3,0.934158850240169,1,0.03125,0.125,0.84375,0.903225806451613,0,0.75,0.125,4.375,0.964081732990916,0.810204827847753,2.43143065531623,2,0,1.79175946922805,1.31122448979592,0.94465684961717,0.2158203125,0.1025390625,0.24609375,0.3818359375,0.873962812045005,2.93586712409184,0.1875,0.555668690129043,0.4396875,70,0.474548543883877,0.310070689114807,0.585762568207397,0.720665990409966,0.46875
44,413,0.213326446280992,5,0.872291925804198,2,0.113636363636364,0.0909090909090909,0.795454545454545,1.02564102564103,0,0.840909090909091,0.318181818181818,9.38636363636364,0.844277091369576,0.749193719593651,2.7733214818891,5.96200949762559,1.50882615330918,8.29429960885724,1.28519195612431,0.941882612526334,0.497417355371901,0.627582644628099,0.503615702479339,0.654442148760331,1.08894052973789,3.59050565431058,0.613636363636364,0.556899829169566,0.499090909090909,195,0.574198647320884,0.616740485705062,0.772280616760113,1.00875305660338,0.204545454545455
48,221,0.0959201388888889,4,0.907348169492,3,0.1875,0.125,0.6875,1.07692307692308,0.145833333333333,0.625,0.0625,4.60416666666667,0.911336089438964,0.745333555441122,2.67847622239525,6.03946864222762,1.56264209122146,8.96559006690791,1.72844827586207,1.04017214263461,0.267795138888889,0.0967881944444444,0.191840277777778,0.246961805555556,0.808953376632691,4.36256204054971,0.0625,0.586669519592846,0.444791666666667,178,0.458937761228404,0.303251337800486,0.710098681122972,1.04734316303317,0.270833333333333
40,241,0.150625,4,0.915561833750753,3,0.075,0.075,0.85,1,0.1,0.8,0,6.025,1.11592169811695,0.786155518701763,3.09223251517218,5.50976455557583,1.49413039227245,8.60867788153842,1.30769230769231,0.980806318967654,0.254375,0.238125,0.40125,0.685,0.910190638031529,3.78250242640789,0.05,0.541569882840416,0.448,97,0.588807418553986,0.408752679739724,0.704164160742813,0.762803293038787,0.525
39,248,0.163050624589086,4,0.906633102349916,1,0.0769230769230769,0.102564102564103,0.82051282051282,0.972222222222222,0.0769230769230769,0.794871794871795,0,6.35897435897436,0.93418171989599,0.945950535885797,3.83545813821335,4.79036827195467,1.20484434963289,8.16905314992734,1.35294117647059,1.00432114812118,0.333990795529257,0.238001314924392,0.583168967784352,0.608152531229454,0.953460129503575,4.20910048424592,0.128205128205128,0.543165007716924,0.448717948717949,71,0.623571295612295,0.349116772126478,0.953461059766587,1.33390961319964,0.512820512820513
105,343,0.0311111111111111,4,0.924647497463323,3,0.314285714285714,0.457142857142857,0.228571428571429,0.791666666666667,0.161904761904762,0.476190476190476,0,3.26666666666667,1.86026270283288,1.33047957077577,2.13067439362309,3.12609040444092,1.28141527217255,7.13966033596492,1.55865102639296,2.07712018985113,0.0451700680272109,0.0103401360544218,0.114013605442177,0.199092970521542,0.640380506302734,3.49001009806019,0,0.615008591283756,0.388761904761905,258,0.558044798027635,0.123032853602345,0.69819663811003,0.760901753789357,0.571428571428571
58,126,0.0374554102259215,3,0.928687530242348,3,0.344827586206897,0.482758620689655,0.172413793103448,0.789473684210526,0.413793103448276,0.189655172413793,0,2.17241379310345,1.95322411625861,1.30236815286733,1.83129815586712,2.0360824742268,0.946078414413812,5.26785815906333,1.26190476190476,2.06140245073988,0.0202140309155767,0.0107015457788347,0.0790725326991677,0.163793103448276,0.719901633891296,1.47125279556092,0,0.644455241789167,0.385172413793103,29,0.648408137201241,0.114453479808449,0.542917429658027,0.487443944107328,0.620689655172414
71,148,0.0293592541162468,2,0.922227271052708,3,0.366197183098592,0.535211267605634,0.0985915492957746,0.733333333333333,0.422535211267606,0.169014084507042,0,2.08450704225352,2.24683679696468,1.55290750049795,1.73733194622279,1.52336448598131,0.500624856362477,5.36597601502185,1.34801762114537,2.48348058824764,0.0170601071216029,0.00515770680420551,0.0835151755604047,0.163062884348344,0.695441647488274,1.94413575425587,0,0.654111437130319,0.382535211267606,33,0.631171341776147,0.107050548455859,0.31721017381587,0.375100309660419,0.633802816901408
66,187,0.0429292929292929,3,0.920881702343074,3,0.303030303030303,0.454545454545455,0.242424242424242,0.782608695652174,0.242424242424242,0.393939393939394,0,2.83333333333333,1.72637095305554,1.36143311737482,2.04893131559798,2.11805555555556,0.887360159491035,5.66296048013595,1.43081761006289,1.89239403322958,0.0426997245179063,0.00390266299357208,0.146464646464646,0.213957759412305,0.692402792490146,2.63611233827022,0,0.618349952616002,0.376969696969697,70,0.531888019388019,0.0424667186333384,0.611210637581937,0.629663763751235,0.560606060606061
77,240,0.0404790015179626,3,0.900431599515909,3,0.402597402597403,0.454545454545455,0.142857142857143,0.91304347826087,0.233766233766234,0.337662337662338,0,3.11688311688312,1.88588737218201,1.29067254471847,1.74673486654214,1.56105610561056,0.657661072472524,5.71373280550937,1.2638036809816,1.89514494924662,0.0222634508348794,0.00236127508854782,0.144206442907742,0.261932872322483,0.687553859857974,3.60818386758503,0,0.688713433031615,0.42038961038961,114,0.610780396904056,0.0354267174682693,0.451156453224091,0.421223979673384,0.558441558441558
78,241,0.039612097304405,3,0.906877180481455,3,0.358974358974359,0.320512820512821,0.320512820512821,1.06,0.282051282051282,0.307692307692308,0,3.08974358974359,2.03975185826012,1.17586780540581,1.93366462280195,2.26603325415677,0.873150120096689,6.04263283368238,1.41362530413625,2.09992774504717,0.0456936226166995,0.00821827744904668,0.116699539776463,0.284516765285996,0.685091887644665,2.07476679067334,0,0.642467106889942,0.36974358974359,102,0.611154710230653,0.108099702484615,0.593564521171845,0.646589641177499,0.58974358974359
78,268,0.0440499671268902,3,0.904500722235987,3,0.307692307692308,0.41025641025641,0.282051282051282,0.851851851851852,0.192307692307692,0.333333333333333,0,3.43589743589744,1.87951907005115,1.20192257163632,2.17585943726893,2.23772609819121,0.860968846611336,5.95842469302978,1.32736572890026,1.90496516256123,0.0443786982248521,0.00624589086127548,0.155325443786982,0.311308349769888,0.710818959169759,2.19417652847483,0,0.623226867384743,0.342179487179487,129,0.560479663797927,0.0570409631391768,0.743006987277283,0.838804869497649,0.538461538461538
98,629,0.0654935443565181,3,0.906380822914399,3,0.163265306122449,0.591836734693878,0.244897959183673,0.48780487804878,0.204081632653061,0.571428571428571,0,6.41836734693878,1.22105220990934,1.56442804220962,2.41579788034991,2.34969325153374,0.838478358966061,7.03966034986208,1.26346604215457,1.53402252109198,0.0684089962515619,0.0221782590587255,0.664410662224073,0.465431070387339,0.77522711725376,2.63995433461282,0,0.571615337119499,0.376938775510204,394,0.559982381958812,0.0477307192728858,0.63804317215441,0.574957895988381,0.591836734693878
86,375,0.050703082747431,3,0.926768691766977,3,0.174418604651163,0.569767441860465,0.255813953488372,0.52112676056338,0.162790697674419,0.546511627906977,0,4.36046511627907,1.32417162957645,1.55259246154101,2.5153113399843,2.23869801084991,0.692208006990448,6.31535800152233,1.27378640776699,1.6528671322471,0.0550297458085452,0.00959978366684694,0.338967009194159,0.267171444023797,0.706381265193039,2.40950060205507,0,0.572397980051912,0.335232558139535,272,0.518888301826942,0.0533861957212466,0.587993413155549,0.691234354548917,0.569767441860465
94,565,0.0639429606156632,3,0.907014233820821,3,0.234042553191489,0.563829787234043,0.202127659574468,0.569444444444444,0.127659574468085,0.51063829787234,0.0106382978723404,6.01063829787234,1.28048323975646,1.48195963139169,2.30788085710872,2.25105485232068,0.923841747596179,6.85435450225502,1.32484848484848,1.48737229298476,0.072544137618832,0.00181077410593029,0.57571299230421,0.469782707107288,0.76513608887187,2.81979921641709,0.0106382978723404,0.59256632076586,0.383191489361702,221,0.562705762247347,0.0243415360197358,0.725539026377917,0.696675871175158,0.563829787234043
108,708,0.0606995884773663,4,0.91031604057467,2,0.277777777777778,0.518518518518518,0.203703703703704,0.666666666666667,0.111111111111111,0.5,0.00925925925925926,6.55555555555556,1.33950127020745,1.43315091859394,2.22535689113276,2.46870109546166,1.10747727175494,7.15305163493748,1.23783783783784,1.48232246601483,0.0614711934156379,0.00994513031550069,0.5625,0.512345679012346,0.735842834237845,3.27063513532563,0.00925925925925926,0.62370773309058,0.394537037037037,434,0.573316078305831,0.0549515440792934,0.912101127792281,0.730891678109185,0.583333333333333
112,832,0.0663265306122449,3,0.90794357054816,3,0.178571428571429,0.5625,0.258928571428571,0.532608695652174,0.169642857142857,0.544642857142857,0.0178571428571429,7.42857142857143,1.35951443262301,1.44417873556828,2.35643708541563,2.3768877216021,0.901767299629422,7.32843735289516,1.28683522231909,1.51779721525673,0.0825095663265306,0.00988520408163265,0.711814413265306,0.654336734693878,0.788084732119488,2.27214413205176,0.0178571428571429,0.573526561335879,0.360803571428572,446,0.551150664920619,0.0726946507250232,0.643042438199046,0.569563643753424,0.580357142857143
96,634,0.0687934027777778,4,0.908589085601095,3,0.208333333333333,0.489583333333333,0.302083333333333,0.644736842105263,0.104166666666667,0.604166666666667,0,6.60416666666667,1.28473972027534,1.31994987763492,2.47506000431207,2.99339292654489,0.989621037430994,7.85282781228174,1.3482428115016,1.42670006064258,0.120225694444444,0.0289713541666667,0.555447048611111,0.534830729166667,0.762834061968192,3.50663789109708,0,0.589827988448692,0.406145833333333,419,0.578176298577005,0.101583089549561,0.851292015168285,0.760139519883429,0.5
83,415,0.0602409638554217,5,0.911127112065738,3,0.204819277108434,0.55421686746988,0.240963855421687,0.560606060606061,0.204819277108434,0.566265060240964,0.0120481927710843,5,1.19225140580087,1.53591158282106,2.27941093502608,2.55252525252525,1.03564806909583,6.89770494312864,1.34271523178808,1.52267222612046,0.0782406735375236,0.00406445057337785,0.466686021193207,0.327333430105966,0.738720803943305,3.43521499030572,0.0120481927710843,0.592918534846844,0.415421686746988,169,0.573816332316196,0.0367523588009728,0.571631951197261,0.647902432825138,0.566265060240964
93,538,0.0622037229737542,3,0.904417754542316,3,0.182795698924731,0.53763440860215,0.279569892473118,0.56578947368421,0.268817204301075,0.473118279569892,0,5.78494623655914,1.36917384221576,1.34741372665687,2.25487311240531,2.04795204795205,0.574193609942066,6.90875477931522,1.25793103448276,1.46842378756034,0.083593479014915,0.00323736848190542,0.468724708058735,0.479246155624928,0.748443790013441,2.59804164110615,0,0.574919314239024,0.410215053763441,280,0.544667152938316,0.0410354230294701,0.501844792449212,0.515584798660403,0.53763440860215
107,966,0.0843741811511922,5,0.915311658051319,3,0.121495327102804,0.467289719626168,0.411214953271028,0.606382978723404,0.121495327102804,0.710280373831776,0.00934579439252336,9.02803738317757,1.06509182096257,1.26425159661397,2.66302763481185,4.41688,1.71098955707542,9.43348392329039,1.45571095571096,1.19147067639065,0.215215302646519,0.0495239758930911,0.891606253821294,0.717093195912307,0.779234086539826,3.93344555611874,0.00934579439252336,0.555754889246961,0.43588785046729,550,0.587140169192086,0.0999891802029705,0.655545332270396,0.624440317343259,0.476635514018692
217,809,0.0171802331754762,1,0.915654417169739,2,0.880184331797235,0.119815668202765,0,7.34615384615385,0.119815668202765,0,0,3.72811059907834,3.9473861313244,0.799914060738724,1.11981566820276,1,0,6.69579891705849,1,3.7699417124248,0,0,0.0438318927987428,0.520142708488182,0.660916879627713,53.0466049636264,0,0.940092165898618,0.474792626728111,630,0.778946693978492,0,3.6334065815528e-15,0.10594811401263,0.880184331797235
164,510,0.0189619274241523,1,0.896641996180154,2,0.847560975609756,0.152439024390244,0,5.56,0.152439024390244,0,0,3.10975609756098,3.94547836841385,0.766462802044813,1.15243902439024,1,0,6.23441072571837,1,3.76058437531851,0,0,0.0372174301011303,0.47616745984533,0.679515275721293,21.2694507481008,0,0.923780487804878,0.456341463414634,335,0.773234711769366,0,2.28890506947726e-15,0.129994014664073,0.847560975609756
165,875,0.032139577594123,1,0.913880617658052,2,0.842424242424242,0.157575757575758,0,5.34615384615385,0.157575757575758,0,0,5.3030303030303,3.3641558598078,0.75440765564842,1.15757575757576,1,0,6.77422388635761,1,3.14236860314459,0,0,0.117355371900826,1.02776859504132,0.741022516683696,36.7227681495717,0,0.921212121212121,0.495333333333333,540,0.760378147074171,0,3.3532942139756e-15,0.133555062823355,0.842424242424242
120,491,0.0340972222222222,1,0.918559498233621,2,0.758333333333333,0.241666666666667,0,3.13793103448276,0.241666666666667,0,0,4.09166666666667,2.6716277399717,0.906184890956806,1.24166666666667,1,0,6.19644412779452,1,2.4376134055456,0,0,0.109513888888889,0.546458333333333,0.681804428863783,21.5912230220343,0,0.879166666666667,0.485583333333333,332,0.649871784693956,0,1.47308221407982e-15,0.184803921568627,0.758333333333333
182,569,0.017177877067987,1,0.910402003181761,2,0.901098901098901,0.0989010989010989,0,9.11111111111111,0.0989010989010989,0,0,3.12637362637363,4.5577348672605,0.904728189406113,1.0989010989011,1,0,6.34388043412633,1,4.42497802177493,0,0,0.0401219659461418,0.572998430141287,0.74275631715906,73.5938701770371,0,0.95054945054945,0.484395604395604,323,0.828477273590648,0,2.40312098182736e-15,0.0896120454131502,0.901098901098901
142,747,0.0370462209878992,1,0.91793882331829,2,0.823943661971831,0.176056338028169,0,4.68,0.176056338028169,0,0,5.26056338028169,2.97312617516027,0.755532780470959,1.17605633802817,1,0,6.61606518513282,1,2.71958170287752,0,0,0.134149970243999,0.934189644911724,0.731655265254435,28.745839373576,0,0.911971830985916,0.500070422535211,475,0.70666056538412,0,3.86984933021096e-15,0.146089301768055,0.823943661971831
249,3313,0.0534346220222254,5,0.908406181586748,2,0.00401606425702811,0.0200803212851406,0.975903614457831,0.983870967741936,0.0120481927710843,0.975903614457831,0.0441767068273092,13.3052208835341,1.18976576375825,1.94338337134776,3.87736216476027,10.6298563624876,2.09965559152777,17.1694933336131,1.5861320208454,2.13202480525999,0.307833744617022,0.146207319236787,1.50797567781165,0.655908775664909,0.769137370627393,9.75080730660902,0.0642570281124498,0.508875214923237,0.403172690763052,4715,0.623144397374501,0.336142274360556,0.611183717725437,0.409206775883388,0.582329317269076
