id,model,richness,links,connectance,diameter,complexity,distance,basal,top,intermediate,predpreyRatio,herbivory,omnivory,cannibal,l_S,GenSD,VulSD,TL,ChLen,ChSD,ChNum,path,LinkSD,S1,S2,S4,S5,ρ,centrality,loops,resilience,robustness,intervals,MaxSim,Clust,trophicCoherence,trophicVar,control
3259,connectance_null,20,55,0.1375,8,0.9425122279296587,2.0,0.05,0.0,0.95,1.0526315789473684,0.0,0.85,0.0,2.75,0.4846490818028938,0.49880239348984295,94.58482430770242,NaN,NaN,0.0,1.7751937984496124,0.618688224889746,0.145,0.025,0.0625,0.095,0.7993361719483087,3.1140183826950167,0.95,0.5727585539460539,0.44299999999999995,35,0.29598845598845597,0.25511904761904763,22.040284267534034,617.9641122376387,0.05
3259,degree_null,20,57,0.1425,4,0.911813919766972,2.0,0.2,0.3,0.5,0.875,0.1,0.65,0.0,2.85,0.9475052054052145,1.0199608318420095,2.4539094516594515,2.950617283950617,1.312452233110802,4.394449154672439,1.1764705882352942,0.9114279699571137,0.0675,0.065,0.245,0.2075,0.8785425204744108,2.1828045881988216,0.2,0.5923166666666666,0.44000000000000006,18,0.432441724941725,0.28829365079365077,0.8779954524442503,0.7268003530201327,0.3
947,connectance_null,19,63,0.1745152354570637,6,0.9044379974480093,1.0,0.05263157894736842,0.05263157894736842,0.8947368421052632,1.0,0.0,0.8421052631578947,0.0,3.3157894736842106,0.5324497173368763,0.541856809079031,12.961452990403371,2.0,NaN,0.0,2.0058823529411764,0.6907346107667747,0.25761772853185594,0.04986149584487535,0.14958448753462603,0.14958448753462603,0.8717351918277287,5.859996497412148,0.8947368421052632,0.576217427459881,0.4410526315789473,50,0.3006966717493033,0.32518796992481197,3.1115907128766076,11.255562259026558,0.05263157894736842
947,degree_null,19,58,0.16066481994459833,7,0.9096740633410492,2.0,0.10526315789473684,0.3157894736842105,0.5789473684210527,0.7647058823529411,0.05263157894736842,0.6842105263157895,0.0,3.0526315789473686,0.8835634501598902,0.8699638490719216,5.5146389691364925,3.3617021276595747,1.620863053986358,3.8501476017100584,1.4069767441860466,0.7790059758929616,0.11357340720221606,0.08587257617728532,0.21329639889196675,0.23822714681440443,0.9041590199710535,2.223956557625038,0.47368421052631576,0.5450785647101436,0.37526315789473685,18,0.4272119693172325,0.27878408141566036,2.4276568550039714,5.077291159973793,0.3157894736842105
1261,connectance_null,13,12,0.07100591715976332,5,0.9856572156793736,1.0,0.15384615384615385,0.46153846153846156,0.38461538461538464,0.6363636363636364,0.15384615384615385,0.07692307692307693,0.0,0.9230769230769231,0.5346771265255599,1.1242281302693367,0.4615384615384616,0.6666666666666666,0.5773502691896258,1.0986122886681098,1.96,1.1572036857746222,0.03550295857988166,0.005917159763313609,0.029585798816568046,0.0,0.7810356126635315,1.1162790697674418,0.23076923076923078,0.45247893772893777,0.20846153846153848,0,0.28076923076923077,0.23076923076923078,0.4999999999999997,1.3525641025641024,0.46153846153846156
1261,degree_null,13,15,0.08875739644970414,2,0.9294105488184354,3.0,0.5384615384615384,0.3076923076923077,0.15384615384615385,1.5,0.38461538461538464,0.07692307692307693,0.0,1.1538461538461537,1.5359880400768948,1.2177696674506897,1.4871794871794874,1.2307692307692308,0.4385290096535146,2.5649493574615367,1.0625,1.4321700705960558,0.005917159763313609,0.011834319526627219,0.0650887573964497,0.10650887573964497,0.8285784867944808,2.7590361445783134,0.0,0.7692307692307694,0.45153846153846156,2,0.46043956043956036,0.14615384615384613,0.3086066999241839,0.30769230769230765,0.6153846153846154
1237,connectance_null,45,206,0.1017283950617284,5,0.9359601243503529,1.0,0.0,0.0,1.0,1.0,0.0,0.8,0.0,4.5777777777777775,0.4783406749207559,0.45510370692449714,3.8045806117130296e16,NaN,NaN,0.0,2.2006472491909386,0.6938521892954327,0.2819753086419753,0.030617283950617285,0.134320987654321,0.1451851851851852,0.680024472917683,8.578908971107403,1.0,0.5972799608463955,0.45644444444444454,516,0.21020691545201345,0.20324502657835986,8.814686472492104,39.27272727272727,0.022222222222222223
1237,degree_null,45,190,0.09382716049382717,7,0.910338208479314,4.0,0.4888888888888889,0.15555555555555556,0.35555555555555557,1.6521739130434783,0.044444444444444446,0.4444444444444444,0.0,4.222222222222222,1.541450699626981,0.8341429794699122,1.9106777871026976,4.675714285714286,1.712274605472285,6.551080335043404,1.517751479289941,1.6217872566453266,0.10123456790123457,0.1259259259259259,0.13679012345679012,0.4301234567901235,0.9375057019102271,7.191093982216907,0.35555555555555557,0.7070303030303029,0.42333333333333334,126,0.40425940719507153,0.429417237414276,0.9067187026572405,0.8967982980664998,0.4888888888888889
1259,connectance_null,41,166,0.09875074360499703,5,0.9370886521010203,4.0,0.024390243902439025,0.0,0.975609756097561,1.025,0.0,0.9512195121951219,0.0,4.048780487804878,0.39033169602538,0.43819038595307425,45.18966047405993,NaN,NaN,0.0,2.1864406779661016,0.5405732885844087,0.22724568709101725,0.029149315883402735,0.11421772754312909,0.1041046995835812,0.6482284634008296,7.817131067364826,0.975609756097561,0.5808569379461066,0.45902439024390246,346,0.20404293418999309,0.23149790588814984,7.641824137371233,69.4606344109025,0.024390243902439025
1259,degree_null,41,164,0.0975609756097561,4,0.9068664523030844,3.0,0.6341463414634146,0.0975609756097561,0.2682926829268293,2.466666666666667,0.07317073170731707,0.2682926829268293,0.0,4.0,1.8200274723201295,0.5533985905294664,1.4836341550104628,3.470225872689938,1.343570480517993,6.18826412308259,1.3669354838709677,1.5722197683530124,0.08685306365258774,0.08328375966686496,0.12135633551457466,0.693634741225461,0.8722607875324223,12.363854029676482,0.14634146341463414,0.8023606271777003,0.46341463414634154,70,0.5763304902119031,0.3369511777253029,0.5625274962773805,0.43725953425971864,0.6341463414634146
1243,connectance_null,35,83,0.06775510204081632,8,0.9495827736787685,3.0,0.11428571428571428,0.14285714285714285,0.7428571428571429,0.967741935483871,0.02857142857142857,0.6857142857142857,0.0,2.3714285714285714,0.6311702840937543,0.6475306121794507,2.863206000510833,6.731958762886598,2.7329603299258576,4.574710978503383,1.6206896551724137,0.8267316257281165,0.10693877551020409,0.00816326530612245,0.05877551020408163,0.05551020408163265,0.5932053579024624,2.4156681740719863,0.5428571428571428,0.5537342155549961,0.3811428571428572,99,0.23122742337028054,0.1252154195011338,1.7570030456034575,5.062220222583731,0.2
1243,degree_null,35,74,0.060408163265306125,3,0.9093612782732999,3.0,0.8,0.2,0.0,4.0,0.11428571428571428,0.08571428571428572,0.0,2.1142857142857143,2.4703805467065885,0.7928590327388324,1.210064025610244,1.7894736842105263,0.913831340728827,4.330733340286331,1.0263157894736843,2.3030881843686095,0.011428571428571429,0.027755102040816326,0.044897959183673466,0.38448979591836735,0.9012232502217689,9.762738963598023,0.0,0.9000000000000002,0.49771428571428566,16,0.6277142857142857,0.22250600939676568,0.2750867769402295,0.18244946437958925,0.8
1231,connectance_null,22,55,0.11363636363636363,6,0.9288204490670662,2.0,0.13636363636363635,0.09090909090909091,0.7727272727272727,1.0526315789473684,0.0,0.7727272727272727,0.0,2.5,0.6141195788629907,0.626403186758299,12.277932201082036,2.0,2.8284271247461903,0.6931471805599453,1.9662162162162162,0.915475416434127,0.1652892561983471,0.024793388429752067,0.08057851239669421,0.0743801652892562,0.7974353794292995,4.6742400465419545,0.8181818181818182,0.5811178603593377,0.40954545454545455,43,0.23489111898202805,0.18203463203463202,3.505739134038431,28.634463097792597,0.13636363636363635
1231,degree_null,22,57,0.11776859504132231,5,0.9086504367567674,3.0,0.5,0.09090909090909091,0.4090909090909091,1.8181818181818181,0.09090909090909091,0.4090909090909091,0.0,2.590909090909091,1.5605819508900285,0.7012320528921937,1.9933520611570898,0.0,0.0,0.6931471805599453,1.2597402597402598,1.7122081143796413,0.07851239669421488,0.08884297520661157,0.04132231404958678,0.2768595041322314,1.0441360944068507,4.39317087650622,0.4090909090909091,0.7217727272727272,0.41727272727272735,10,0.4774981962481963,0.35412769049132686,1.0417914801853612,1.208238968252995,0.5
1238,connectance_null,16,19,0.07421875,5,0.9726236722445983,2.0,0.25,0.25,0.5,1.0,0.0625,0.3125,0.0,1.1875,0.7668091721907501,0.8815331226634221,4.704545454545455,3.625,1.9955307206712847,2.0794415416798357,1.24,1.2251594578411336,0.0546875,0.00390625,0.0234375,0.0234375,0.7199200069546888,1.2395023328149297,0.3125,0.5413325892857143,0.315,0,0.3223958333333333,0.10416666666666666,1.7873651034010458,7.274380165289258,0.4375
1238,degree_null,16,30,0.1171875,5,0.9121153314349739,3.0,0.5625,0.1875,0.25,1.8571428571428572,0.0625,0.3125,0.0,1.875,1.319034439221301,0.8682037651253176,1.76696047008547,2.7916666666666665,1.7189270330434439,3.1780538303479458,1.5471698113207548,1.463835651572544,0.07421875,0.04296875,0.06640625,0.15234375,0.967346862907819,4.989304812834224,0.3125,0.7169270833333334,0.4975,5,0.4039930555555555,0.29821428571428565,0.7778279888655883,0.9838685707819175,0.5625
1258,connectance_null,22,37,0.07644628099173553,8,0.9534305940528084,3.0,0.18181818181818182,0.09090909090909091,0.7272727272727273,1.1111111111111112,0.09090909090909091,0.6363636363636364,0.0,1.6818181818181819,0.5621794869125295,0.6713633300970432,5.1940119760479035,3.142857142857143,1.5735915849388862,1.9459101490553132,1.75,0.9454126093474268,0.09090909090909091,0.004132231404958678,0.04132231404958678,0.028925619834710745,0.6597628410125066,3.077749294220722,0.6363636363636364,0.5774079913142414,0.3804545454545455,11,0.2582251082251083,0.09696969696969697,1.9101994964105675,8.14311305532647,0.18181818181818182
1258,degree_null,22,27,0.05578512396694215,1,0.8721861553040827,2.0,0.5909090909090909,0.6818181818181818,-0.2727272727272727,0.7777777777777778,0.4090909090909091,0.0,0.0,1.2272727272727273,1.3289660004485295,2.0262500990041072,1.4090909090909092,0.8181818181818182,0.39167472590032015,3.4965075614664802,1.0,1.9433481414363767,0.0,0.0,0.14049586776859505,0.0640495867768595,0.8509732965565706,5.226415094339623,0.0,0.7954545454545453,0.4390909090909091,2,0.5089646464646465,0.0,4.3546529746182126e-17,0.2532467532467531,0.7272727272727273
1223,connectance_null,15,14,0.06222222222222222,6,0.9803254040310312,2.0,0.26666666666666666,0.3333333333333333,0.4,0.9090909090909091,0.13333333333333333,0.13333333333333333,0.0,0.9333333333333333,0.8558663964835501,0.9468376089520036,3.7599999999999993,1.875,0.9910312089651149,2.0794415416798357,1.5714285714285714,1.5079961797478503,0.07555555555555556,0.0,0.022222222222222223,0.017777777777777778,0.7210928299631496,1.7059742288168687,0.4,0.542537962962963,0.2813333333333334,0,0.37619047619047613,0.0,1.543223399750814,4.7954285714285705,0.4666666666666667
1223,degree_null,15,13,0.057777777777777775,2,0.9213237681451626,3.0,0.6,0.5333333333333333,-0.13333333333333333,1.1666666666666667,0.2,0.2,0.0,0.8666666666666667,1.6239958858823,1.5643427426235543,1.4958333333333333,1.2,1.082325538564332,2.70805020110221,1.1333333333333333,2.1126355763864466,0.013333333333333334,0.022222222222222223,0.03111111111111111,0.035555555555555556,0.9968376895645317,2.870967741935483,0.0,0.8,0.36,0,0.23682539682539686,0.23555555555555555,0.5141234449688777,0.42659970238095235,0.6666666666666666
88,connectance_null,46,141,0.0666351606805293,8,0.9437174612494347,1.0,0.0,0.043478260869565216,0.9565217391304348,0.9565217391304348,0.0,0.8478260869565217,0.0,3.0652173913043477,0.5026051431010481,0.4882835509596261,8.205996268968548e-16,NaN,NaN,0.0,2.0848214285714284,0.6510622846440973,0.1389413988657845,0.00945179584120983,0.06805293005671077,0.06899810964083176,0.5541154376538231,3.4184101130505677,0.9347826086956522,0.6054025448874342,0.3902173913043479,287,0.19845776204471852,0.1343700985005333,4.220474002080663,21.44028325063282,0.06521739130434782
88,degree_null,46,127,0.06001890359168242,1,0.9184664815633099,2.0,0.6956521739130435,0.3695652173913043,-0.06521739130434782,2.0714285714285716,0.30434782608695654,0.0,0.0,2.760869565217391,1.8121256489544912,1.0991115677285446,1.3043478260869565,0.9769230769230769,0.1507287010618498,4.867534450455582,1.0,1.5644171954657715,0.0,0.0,0.15075614366729678,0.31899810964083175,0.7358274186876362,15.89258650839913,0.0,0.8478260869565216,0.49304347826086947,71,0.48638531312208066,0.0,6.705249883260978e-16,0.2164251207729468,0.6956521739130435
92,connectance_null,29,188,0.2235434007134364,4,0.9115240902687416,1.0,0.0,0.0,1.0,1.0,0.0,1.0,0.0,6.482758620689655,0.34645123036534975,0.3236230213128986,-6.904755009460741e16,NaN,NaN,0.0,1.9028475711892798,0.45812004251697225,0.5172413793103449,0.15576694411414982,0.22711058263971462,0.23543400713436385,0.9250659083537598,3.052621696977172,1.0,0.5828206331908475,0.5051724137931035,271,0.27972483143070365,0.4024000115278006,16.802710962454587,173.71428571428572,0.034482758620689655
92,degree_null,29,199,0.23662306777645659,5,0.8727771826213021,2.0,0.10344827586206896,0.06896551724137931,0.8275862068965517,1.0384615384615385,0.0,0.8275862068965517,0.0,6.862068965517241,0.8494904434842606,0.7178671930649672,15.835801976725147,5.692622950819672,1.3876983361176463,5.497168225293202,1.8,0.808476522685994,0.19500594530321047,0.36741973840665876,0.4328180737217598,0.619500594530321,1.0624363464094142,7.3372062210175075,0.8275862068965517,0.5574162719819175,0.4606896551724138,88,0.49036691278070593,0.5378380880355899,5.6913598661976925,30.880654977848362,0.10344827586206896
96,connectance_null,16,58,0.2265625,4,0.9267060539560004,1.0,0.0,0.0,1.0,1.0,0.0,0.4375,0.0,3.625,0.37521297955132255,0.28267450388854065,4.659761337852193e17,NaN,NaN,0.0,1.8734177215189873,0.4091695717018297,0.2734375,0.09375,0.1171875,0.109375,0.9438623827644842,3.9895139334148286,1.0,0.6098768852675103,0.48,48,0.2711101398601399,0.4856150793650794,34.50565241227666,36590.933333333334,0.0625
96,degree_null,16,56,0.21875,4,0.8778955682659526,2.0,0.3125,0.125,0.5625,1.2727272727272727,0.0625,0.5,0.0,3.5,1.1523415971241275,0.6431216387098717,2.487551294191919,2.984375,1.3391798899990164,4.1588830833596715,1.2028985507246377,0.8148285575698074,0.109375,0.24609375,0.17578125,0.50390625,1.0555831170159373,3.8965095843016435,0.375,0.6435243055555554,0.478125,7,0.552884441946942,0.5102272727272728,1.0659815600820952,1.3300351203633292,0.3125
98,connectance_null,14,25,0.12755102040816327,6,0.942435566596859,1.0,0.14285714285714285,0.21428571428571427,0.6428571428571429,0.9166666666666666,0.0,0.6428571428571429,0.0,1.7857142857142858,0.5885052774091847,0.7343861905857687,14.967032967032965,5.0,2.449489742783178,2.302585092994046,1.3142857142857143,0.9502064552992194,0.1326530612244898,0.025510204081632654,0.05612244897959184,0.05612244897959184,0.8389251718153385,1.5770635500365229,0.6428571428571429,0.5699734977324263,0.365,5,0.24574829931972791,0.21190476190476187,4.361945945380178,37.921147885644906,0.2857142857142857
98,degree_null,14,20,0.10204081632653061,4,0.9146606058345146,2.0,0.42857142857142855,0.35714285714285715,0.21428571428571427,1.125,0.0,0.2857142857142857,0.0,1.4285714285714286,1.3085517537750242,1.053200251248911,3.7491071428571425,2.3684210526315788,1.382852378872881,2.9444389791664403,1.5405405405405406,1.9771774754004174,0.04591836734693878,0.01020408163265306,0.02040816326530612,0.05612244897959184,0.9403852768644881,3.9332307907432007,0.35714285714285715,0.5452712585034013,0.35285714285714276,4,0.3083333333333333,0.44370748299319723,2.1558709621086227,6.826693853021978,0.5
99,connectance_null,9,5,0.06172839506172839,2,0.9888901044715886,2.0,0.4444444444444444,0.6666666666666666,-0.1111111111111111,0.6,0.3333333333333333,0.0,0.0,0.5555555555555556,0.9486832980505138,1.5874507866387544,1.7777777777777777,1.0,0.8944271909999159,1.791759469228055,1.0,1.6703293088490068,0.024691358024691357,0.0,0.024691358024691357,0.0,0.8263429750863859,0.8,0.0,0.635787037037037,0.2833333333333334,0,0.2962962962962963,0.0,0.0,0.6944444444444444,0.6666666666666666
99,degree_null,9,12,0.14814814814814814,3,0.940607928381303,4.0,0.3333333333333333,0.3333333333333333,0.3333333333333333,1.0,0.1111111111111111,0.5555555555555556,0.0,1.3333333333333333,0.75,0.9921567416492215,3.3968253968253967,1.4,1.140175425099138,1.6094379124341003,1.411764705882353,1.2437342963832752,0.024691358024691357,0.012345679012345678,0.04938271604938271,0.012345679012345678,0.929054771617807,1.210526315789474,0.4444444444444444,0.6479722222222223,0.4755555555555555,1,0.35185185185185186,0.2962962962962963,1.4063202157279544,4.560090702947845,0.3333333333333333
100,connectance_null,14,39,0.1989795918367347,5,0.9098224559517171,1.0,0.0,0.07142857142857142,0.9285714285714286,0.9285714285714286,0.0,0.6428571428571429,0.0,2.7857142857142856,0.6166161247520233,0.5835798295764636,-1.0834548987120434e17,NaN,NaN,0.0,1.7209302325581395,0.6251687679891923,0.1683673469387755,0.05612244897959184,0.12755102040816327,0.11224489795918367,0.9034532749188239,3.7141756637449004,0.9285714285714286,0.5947311121418265,0.37785714285714284,8,0.3132910740053597,0.2547619047619048,16.362954769812216,1043.6923076923076,0.07142857142857142
100,degree_null,14,29,0.14795918367346939,4,0.8992967099566148,2.0,0.21428571428571427,0.2857142857142857,0.5,0.9090909090909091,0.0,0.5714285714285714,0.0,2.0714285714285716,0.8353963913647247,1.078887808071609,12.125,3.380952380952381,1.3955712262794213,3.044522437723423,1.446808510638298,1.4892523278856025,0.09183673469387756,0.025510204081632654,0.09693877551020408,0.08163265306122448,0.9660914529821324,3.255939814992516,0.5,0.6050717120181406,0.3842857142857143,6,0.328968253968254,0.32301587301587303,3.5487673916445974,37.35336538461539,0.35714285714285715
102,connectance_null,29,55,0.06539833531510107,11,0.9455460814589752,1.0,0.13793103448275862,0.1724137931034483,0.6896551724137931,0.96,0.06896551724137931,0.5862068965517241,0.0,1.896551724137931,0.6035706426435575,0.7094404732773335,7.424356869184454,4.583333333333333,1.556094011115193,3.58351893845611,2.142857142857143,0.8954693782145499,0.08799048751486326,0.005945303210463734,0.04280618311533888,0.039239001189060645,0.6197006925339368,2.4384869971023164,0.4482758620689655,0.5717253411696602,0.34344827586206905,41,0.26746031746031745,0.07586206896551725,2.3316191341728754,14.24428286118976,0.1724137931034483
102,degree_null,29,74,0.08799048751486326,6,0.9132144615230792,2.0,0.1724137931034483,0.3103448275862069,0.5172413793103449,0.8333333333333334,0.06896551724137931,0.5172413793103449,0.0,2.5517241379310347,0.8799584837426803,1.2060114566278741,2.92602969348659,2.782608695652174,1.5036188231122245,4.23410650459726,1.1888888888888889,1.0280552666184612,0.06183115338882283,0.03210463733650416,0.1938168846611177,0.12009512485136742,0.7242895545821935,1.6258548116700637,0.10344827586206896,0.5562874328453026,0.34965517241379307,37,0.3630734686769169,0.27426232771060355,1.145488583808993,1.1792243820508725,0.3448275862068966
103,connectance_null,19,50,0.13850415512465375,6,0.9288915674710232,1.0,0.0,0.05263157894736842,0.9473684210526315,0.9473684210526315,0.0,0.631578947368421,0.0,2.6315789473684212,0.672772043282286,0.4603863112165212,7.626020225559854e16,NaN,NaN,0.0,1.6759259259259258,0.7688375063113863,0.20498614958448755,0.030470914127423823,0.08587257617728532,0.12465373961218837,0.8117854829290642,2.763293979900478,0.9473684210526315,0.6164717869849449,0.37631578947368416,23,0.28554077501445924,0.2781537176274018,20.054456474554375,241.77777777777777,0.05263157894736842
103,degree_null,19,48,0.1329639889196676,4,0.9228031547142928,2.0,0.15789473684210525,0.21052631578947367,0.631578947368421,0.9375,0.05263157894736842,0.631578947368421,0.0,2.526315789473684,0.7957072810779688,0.888726113568332,3.535468405863143,3.74468085106383,1.0869328476627709,4.543294782270004,1.4155844155844155,1.0002893100017134,0.10249307479224377,0.038781163434903045,0.12188365650969529,0.11634349030470914,0.8375494666744899,3.258240232568809,0.3684210526315789,0.5778079771106087,0.4257894736842105,23,0.32660818713450296,0.2959899749373433,1.3171313003748273,2.4290584536763777,0.21052631578947367
1280,connectance_null,14,75,0.3826530612244898,4,0.8909186595058326,1.0,0.0,0.0,1.0,1.0,0.0,1.0,0.0,5.357142857142857,0.3557392687776082,0.35573926877760825,2.2485576027268544e16,NaN,NaN,0.0,1.5374149659863945,0.6231104770958892,0.21428571428571427,0.07142857142857142,0.09183673469387756,0.07653061224489796,1.1126180730875583,2.8203162329847884,1.0,0.5809457209457211,0.5428571428571428,34,0.38815550849219577,0.6258554937126366,3.4446982372837747,6.153846153846154,0.07142857142857142
1280,degree_null,14,69,0.3520408163265306,3,0.8166595503318914,2.0,0.2857142857142857,0.21428571428571427,0.5,1.1,0.07142857142857142,0.6428571428571429,0.0,4.928571428571429,0.7856787711710334,0.6632893952155227,2.3851683670322723,3.5404255319148934,1.2849655910900908,5.459585514144159,1.1604938271604939,0.6792948697308513,0.1377551020408163,0.49489795918367346,0.20918367346938777,0.30612244897959184,1.2066903745499942,6.205628688533887,0.42857142857142855,0.642857142857143,0.5378571428571427,9,0.6636238761238761,0.7859374752231896,0.8774292329726063,0.9298493561339457,0.2857142857142857
2463,connectance_null,50,254,0.1016,6,0.9321234254554278,1.0,0.0,0.0,1.0,1.0,0.0,0.9,0.0,5.08,0.4635185101920476,0.41869859551034305,-7.589265068615045e16,NaN,NaN,0.0,2.397984886649874,0.5572880842931416,0.3212,0.0444,0.166,0.1792,0.6770040570262621,9.311372392716695,1.0,0.5985630936147082,0.46820000000000006,698,0.20289652750145407,0.2225562933798228,17.725848931218763,193.30612244897958,0.02
2463,degree_null,50,232,0.0928,6,0.9345767708495679,4.0,0.52,0.1,0.38,1.875,0.02,0.46,0.0,4.64,1.3233616764954914,0.9723996310626193,1.7714243407659438,2.6666666666666665,1.4368424162141993,4.143134726391533,1.5238095238095237,1.49190243964455,0.1232,0.1128,0.2228,0.3672,0.9029107604260677,15.293061998038777,0.42,0.76,0.4804,248,0.37565125440593883,0.33238380374953264,0.7824787188045234,0.683672132212158,0.52
2464,connectance_null,50,227,0.0908,6,0.9350522545838045,1.0,0.0,0.0,1.0,1.0,0.0,0.68,0.0,4.54,0.45427182627357876,0.47138622376724,-2.0454689357698166e17,NaN,NaN,0.0,2.4290780141843973,0.6050051686119353,0.2692,0.0248,0.1468,0.142,0.6427155101396216,8.327771656896799,1.0,0.6043341639455881,0.46080000000000004,608,0.1983262415707563,0.17638117438117437,30.69987619432761,501.55102040816325,0.02
2464,degree_null,50,258,0.1032,6,0.9352651954527793,5.0,0.56,0.02,0.42,2.227272727272727,0.02,0.42,0.0,5.16,1.4656899658547353,0.8046530222050766,1.6865893633009512,1.0,0.0,1.3862943611198906,1.6679462571976968,1.5074947856429857,0.1524,0.166,0.194,0.5624,0.9396380883415816,6.12399443583713,0.4,0.78,0.5164,236,0.4365185655199354,0.41589727114445635,0.7654154749979619,0.6287008747906753,0.56
924,connectance_null,15,22,0.09777777777777778,9,0.974188546019581,4.0,0.2,0.06666666666666667,0.7333333333333333,1.1666666666666667,0.06666666666666667,0.4,0.0,1.4666666666666666,0.8094775086881777,0.5067431951980955,6.507936507936507,1.0,NaN,0.0,2.436619718309859,1.1074236990034672,0.04,0.0,0.008888888888888889,0.017777777777777778,0.6980789688483573,5.7534836723706695,0.7333333333333333,0.567737999037999,0.3366666666666667,0,0.3195238095238096,0.19999999999999998,2.356885164227705,15.08929921174819,0.3333333333333333
924,degree_null,15,21,0.09333333333333334,2,0.9317537792665023,2.0,0.4,0.4,0.2,1.0,0.26666666666666666,0.26666666666666666,0.0,1.4,1.2013112369601173,1.1705820734448968,1.7555555555555555,1.368421052631579,0.4955946277833521,2.9444389791664403,1.0,1.0866268989366643,0.022222222222222223,0.008888888888888889,0.09333333333333334,0.09777777777777778,0.7685963524203331,1.8125,0.0,0.6720833333333335,0.4033333333333334,2,0.49999999999999994,0.08,0.36514837167011077,0.4716931216931216,0.4666666666666667
1102,connectance_null,23,142,0.2684310018903592,4,0.9287127065480104,1.0,0.0,0.0,1.0,1.0,0.0,0.9565217391304348,0.0,6.173913043478261,0.28330204625627975,0.4624061073624496,-4.481006503448346e16,NaN,NaN,0.0,1.7946666666666666,0.5112880635618013,0.39697542533081287,0.14933837429111532,0.23629489603024575,0.2060491493383743,0.9981154519713239,3.1010300465622507,1.0,0.5800785058389212,0.5099999999999999,146,0.3376137342115266,0.4709157991766687,9.232931726645885,58.18181818181818,0.043478260869565216
1102,degree_null,23,118,0.22306238185255198,4,0.8561982210420851,2.0,0.34782608695652173,0.2608695652173913,0.391304347826087,1.1333333333333333,0.0,0.6521739130434783,0.0,5.130434782608695,0.8976579929426077,0.9279282836993504,1.9679809980242162,4.129955947136564,1.4407310094174828,6.811244378601294,1.2348993288590604,0.8398386323984095,0.12476370510396975,0.27032136105860116,0.5330812854442344,0.497164461247637,1.038541864155847,2.4429123928030942,0.30434782608695654,0.673913043478261,0.5104347826086955,23,0.6107565245088876,0.49033387754615376,0.6549422696639962,0.5461036238989523,0.34782608695652173
890,connectance_null,14,24,0.12244897959183673,7,0.9419822354202244,3.0,0.21428571428571427,0.0,0.7857142857142857,1.2727272727272727,0.07142857142857142,0.5,0.0,1.7142857142857142,0.7734924681537618,0.5330928945203024,5.847826086956522,NaN,NaN,0.0,1.588235294117647,1.0904597948125203,0.09183673469387756,0.01020408163265306,0.030612244897959183,0.04081632653061224,0.8403521580813444,2.5551646902010363,0.7142857142857143,0.6043341836734695,0.4228571428571428,0,0.3493197278911565,0.21904761904761902,2.357851590806887,11.508433910135235,0.21428571428571427
890,degree_null,14,16,0.08163265306122448,3,0.9398139082740731,2.0,0.2857142857142857,0.42857142857142855,0.2857142857142857,0.8,0.21428571428571427,0.2857142857142857,0.0,1.1428571428571428,0.8306045064613159,1.3228756555322954,2.2857142857142856,1.5,0.7071067811865476,2.302585092994046,1.1578947368421053,1.2099348361347018,0.025510204081632654,0.00510204081632653,0.07653061224489796,0.02040816326530612,0.7691234243617919,1.2281167108753315,0.14285714285714285,0.6039732142857144,0.3578571428571429,1,0.3299319727891157,0.09999999999999999,0.7958224257542215,1.1428571428571426,0.42857142857142855
1115,connectance_null,26,69,0.10207100591715976,8,0.9474053343562233,3.0,0.07692307692307693,0.07692307692307693,0.8461538461538461,1.0,0.07692307692307693,0.6153846153846154,0.0,2.6538461538461537,0.7827697096844615,0.5633786516597676,8.213027373112315,5.1,1.604949241865772,3.4011973816621555,1.7254901960784315,0.8838251059431387,0.17159763313609466,0.026627218934911243,0.07988165680473373,0.11834319526627218,0.7451538079531209,1.8732002860851056,0.6538461538461539,0.543626553635596,0.34192307692307694,47,0.27308065237929485,0.18507326007326005,3.2051797557420705,14.227179449674322,0.19230769230769232
1115,degree_null,26,59,0.08727810650887574,5,0.9246351809080343,2.0,0.38461538461538464,0.3076923076923077,0.3076923076923077,1.125,0.11538461538461539,0.46153846153846156,0.0,2.269230769230769,1.0690065783878968,0.9373724178246139,2.0577224277473034,4.912457912457913,2.108319993505064,5.6937321388027,1.8294573643410852,1.177398961143995,0.08875739644970414,0.026627218934911243,0.10502958579881656,0.1242603550295858,0.7681167483979036,6.051639064998366,0.11538461538461539,0.6705668498168498,0.448076923076923,35,0.29728871555794634,0.26428571428571423,0.6896881394380807,0.9734233730260803,0.38461538461538464
1454,connectance_null,26,85,0.1257396449704142,7,0.9243098622114305,3.0,0.038461538461538464,0.0,0.9615384615384616,1.04,0.0,0.8461538461538461,0.0,3.269230769230769,0.5509802525992427,0.40169881468117746,53.97329515163209,NaN,NaN,0.0,2.037878787878788,0.5207606892822557,0.19674556213017752,0.022189349112426034,0.10798816568047337,0.14053254437869822,0.7305914454748923,5.32072532103263,0.9615384615384616,0.5656281678624423,0.4303846153846155,100,0.2720678893755817,0.25030525030525025,12.107310614817928,162.78662490006482,0.038461538461538464
1454,degree_null,26,79,0.11686390532544379,3,0.8714868841480145,2.0,0.4230769230769231,0.46153846153846156,0.11538461538461539,0.9333333333333333,0.07692307692307693,0.46153846153846156,0.0,3.0384615384615383,1.1494730336494745,1.1644523893610284,1.91488603988604,2.121495327102804,1.2340322032878812,4.672828834461906,1.1875,0.9979180378120613,0.042899408284023666,0.02514792899408284,0.3254437869822485,0.31952662721893493,0.8380191534064858,5.77570242148471,0.0,0.6620023245984785,0.448076923076923,21,0.5015123765123763,0.11048951048951049,0.7734778517558704,0.7789755245244663,0.46153846153846156
1456,connectance_null,47,144,0.06518786781349027,7,0.9466645781230174,1.0,0.0425531914893617,0.0851063829787234,0.8723404255319149,0.9555555555555556,0.0,0.851063829787234,0.0,3.0638297872340425,0.5461711164885162,0.5987614979728099,50.06556662137497,6.315789473684211,1.634782743939708,2.9444389791664403,2.300711743772242,0.9615463711017017,0.1656858306926211,0.011770031688546853,0.07288365776369397,0.06699864191942055,0.6100512488170039,5.885498350863363,0.8723404255319149,0.5922057134620935,0.39744680851063835,308,0.20415747338463228,0.12613674741334316,7.20403270322802,125.70884482979473,0.1276595744680851
1456,degree_null,47,151,0.06835672249886826,7,0.9131175011589924,2.0,0.2553191489361702,0.3404255319148936,0.40425531914893614,0.8857142857142857,0.1702127659574468,0.5106382978723404,0.0,3.2127659574468086,1.2227343758479843,1.2018870045759673,2.337676563110322,3.6441281138790034,2.080876198853932,5.638354669333745,1.5192307692307692,1.3991497736577474,0.06518786781349027,0.040289723856948845,0.18877320054323224,0.1923947487550928,0.7741795890418317,2.7173380077586304,0.1702127659574468,0.5756230207266659,0.35468085106382985,125,0.3102156611658621,0.20766654427480458,0.9213572701496766,0.9720679110296583,0.3404255319148936
1457,connectance_null,56,145,0.04623724489795918,8,0.9415398916068368,3.0,0.14285714285714285,0.14285714285714285,0.7142857142857143,1.0,0.05357142857142857,0.6785714285714286,0.0,2.5892857142857144,0.7131836023906055,0.6860495085808135,6.338907544345436,3.263157894736842,1.329177972471541,3.6375861597263857,2.1139489194499017,1.0751094546243951,0.08673469387755102,0.006377551020408163,0.044642857142857144,0.04591836734693878,0.5458275723645755,5.019014529205085,0.6607142857142857,0.5643402483646763,0.3948214285714286,270,0.21283661191749417,0.11073232323232321,2.2044705013399093,8.833650137011107,0.16071428571428573
1457,degree_null,56,144,0.04591836734693878,6,0.9149929249703024,3.0,0.39285714285714285,0.30357142857142855,0.30357142857142855,1.1470588235294117,0.10714285714285714,0.48214285714285715,0.0,2.5714285714285716,1.273400495346543,1.4028590335502238,2.056376357225402,3.8226299694189603,1.9006880722342194,5.7899601708972535,1.6171003717472119,1.7014880923459506,0.04336734693877551,0.01594387755102041,0.12627551020408162,0.10586734693877552,0.7143017651156004,5.719794326391091,0.17857142857142858,0.6297091204746195,0.3867857142857143,175,0.2969006348705597,0.12537333958856514,0.871806378036776,0.8772609367600787,0.39285714285714285
1455,connectance_null,17,33,0.11418685121107267,8,0.9471115118378289,2.0,0.11764705882352941,0.058823529411764705,0.8235294117647058,1.0666666666666667,0.0,0.7058823529411765,0.0,1.9411764705882353,0.5605036761543611,0.6431813720239733,6.970053337986814,2.75,0.9574271077563381,1.3862943611198906,1.8227848101265822,0.8900789783469403,0.15570934256055363,0.01384083044982699,0.05536332179930796,0.04844290657439446,0.7515057637581172,3.0575616003426194,0.8235294117647058,0.5725362537789007,0.398235294117647,14,0.2639589169000934,0.1862745098039216,2.2744239194663103,7.958753321476515,0.17647058823529413
1455,degree_null,17,33,0.11418685121107267,2,0.8678230149803214,3.0,0.4117647058823529,0.4117647058823529,0.17647058823529413,1.0,0.17647058823529413,0.35294117647058826,0.0,1.9411764705882353,1.0693363629450843,1.24159247841672,1.7892941176470587,2.0,0.8528028654224418,3.8066624897703196,1.2325581395348837,1.273403500006656,0.04152249134948097,0.06920415224913495,0.1453287197231834,0.10380622837370242,0.950114695040172,4.873320537428022,0.0,0.6810130718954247,0.4564705882352941,7,0.42282913165266095,0.2403361344537815,0.4495025027739,0.5257084705882353,0.4117647058823529
1468,connectance_null,8,26,0.40625,3,0.8757150977604337,1.0,0.0,0.0,1.0,1.0,0.0,1.0,0.0,3.25,0.14243386150346946,0.3584506907758262,3.125556010845391e16,NaN,NaN,0.0,1.4782608695652173,0.2848677230069389,0.09375,0.078125,0.09375,0.046875,1.1684789282856567,1.301298216120295,1.0,0.6067351190476191,0.57375,9,0.43503787878787875,0.7333333333333334,6.933530569186679,34.285714285714285,0.125
1468,degree_null,8,25,0.390625,3,0.8442032314581184,2.0,0.25,0.0,0.75,1.3333333333333333,0.125,0.625,0.0,3.125,0.7919595949289332,0.496847202726495,2.4543460925039877,NaN,NaN,0.0,1.2,0.4101567644554596,0.03125,0.265625,0.078125,0.140625,1.1965598896312195,3.3150684931506853,0.625,0.6250000000000001,0.56875,2,0.5783730158730158,0.7767857142857142,0.9583092024946548,0.9611817258820535,0.25
1469,connectance_null,6,7,0.19444444444444445,3,0.9294324285627077,2.0,0.3333333333333333,0.16666666666666666,0.5,1.25,0.16666666666666666,0.3333333333333333,0.0,1.1666666666666667,1.0020387381000104,0.8427360687858644,2.0833333333333335,2.25,1.2583057392117916,1.3862943611198906,1.125,0.8852533362759808,0.1111111111111111,0.027777777777777776,0.05555555555555555,0.08333333333333333,0.9823570286292572,1.2222222222222223,0.0,0.648888888888889,0.49833333333333324,0,0.3666666666666667,0.25,0.8221471437193746,0.8194444444444444,0.3333333333333333
1469,degree_null,6,7,0.19444444444444445,1,0.7402402584527956,2.0,0.6666666666666666,0.3333333333333333,0.0,2.0,0.3333333333333333,0.0,0.0,1.1666666666666667,1.572726736516901,0.8427360687858643,1.3333333333333333,1.0,0.0,1.9459101490553132,1.0,0.8852533362759808,0.0,0.0,0.08333333333333333,0.25,0.9666866285815917,2.4285714285714284,0.0,0.8333333333333333,0.6600000000000001,0,0.8333333333333334,0.0,1.5700924586837752e-16,0.2666666666666666,0.6666666666666666
1475,connectance_null,16,40,0.15625,4,0.9349350739602644,2.0,0.125,0.0625,0.8125,1.0714285714285714,0.0,0.6875,0.0,2.5,0.7004760286167305,0.5266244708835066,8.6249577934411,2.6666666666666665,0.5773502691896258,1.0986122886681098,1.9836065573770492,1.0119288512538815,0.24609375,0.046875,0.1015625,0.13671875,0.9293968027196067,3.768216694308083,0.8125,0.582385835518648,0.44125,17,0.29247835497835495,0.3541666666666667,2.6231585512289493,10.39445400172015,0.1875
1475,degree_null,16,42,0.1640625,5,0.8801516837892075,2.0,0.375,0.1875,0.4375,1.3,0.1875,0.4375,0.0,2.625,1.0763730706174397,0.9624860729720484,1.8122870163690477,1.9523809523809523,0.8821365679453426,3.7376696182833684,1.3620689655172413,0.885253336275981,0.0546875,0.06640625,0.2421875,0.26953125,0.9150805743558755,4.475285171102661,0.125,0.6875,0.509375,7,0.4858192155067156,0.36011904761904756,0.5664904870727844,0.47036216759137456,0.375
1493,connectance_null,9,8,0.09876543209876543,5,0.9602705675925826,1.0,0.3333333333333333,0.3333333333333333,0.3333333333333333,1.0,0.0,0.2222222222222222,0.0,0.8888888888888888,0.8794529549668931,0.8794529549668931,6.555555555555555,2.5,3.0,1.3862943611198906,1.5333333333333334,1.352081728298996,0.09876543209876543,0.0,0.024691358024691357,0.024691358024691357,0.8654443553224871,2.1304347826086953,0.5555555555555556,0.5141759259259259,0.22222222222222224,0,0.19814814814814813,0.0,2.7255405754769875,19.027777777777775,0.3333333333333333
1493,degree_null,9,10,0.12345679012345678,2,0.8933423642509363,2.0,0.4444444444444444,0.4444444444444444,0.1111111111111111,1.0,0.4444444444444444,0.0,0.0,1.1111111111111112,1.2278029157808672,1.307669683062202,1.6666666666666667,1.2222222222222223,0.4409585518440984,2.1972245773362196,1.1666666666666667,1.171537451385998,0.024691358024691357,0.0,0.1111111111111111,0.09876543209876543,0.8694686420661438,2.6734693877551017,0.0,0.6956944444444444,0.4533333333333333,0,0.6481481481481481,0.0,0.0,0.5,0.5555555555555556
1511,connectance_null,17,39,0.13494809688581316,6,0.9474481730480139,2.0,0.058823529411764705,0.058823529411764705,0.8823529411764706,1.0,0.0,0.7647058823529411,0.0,2.2941176470588234,0.5717718748968657,0.6310115231961391,10.76174877216661,4.25,1.8322507626258087,2.0794415416798357,1.7,0.8307652738114059,0.15570934256055363,0.02422145328719723,0.08304498269896193,0.0726643598615917,0.8142098867012785,1.7147678828665047,0.8235294117647058,0.5539778775146423,0.3982352941176471,15,0.26504329004329,0.24803921568627452,3.0948062551276023,9.65709819721473,0.17647058823529413
1511,degree_null,17,26,0.08996539792387544,2,0.8928894573218631,3.0,0.4117647058823529,0.4117647058823529,0.17647058823529413,1.0,0.29411764705882354,0.29411764705882354,0.0,1.5294117647058822,1.4641929335799853,1.1814017348775132,1.7296918767507001,1.391304347826087,0.7223151185146153,3.1354942159291497,1.1333333333333333,1.4150631951096202,0.01730103806228374,0.020761245674740483,0.09342560553633218,0.14186851211072665,0.8609164919114404,1.704700683005223,0.0,0.7058823529411764,0.3394117647058823,1,0.399859943977591,0.27675070028011206,0.47908643220593244,0.4353699813258636,0.47058823529411764
1518,connectance_null,17,52,0.17993079584775087,9,0.9135541459732918,2.0,0.058823529411764705,0.0,0.9411764705882353,1.0625,0.0,0.8235294117647058,0.0,3.0588235294117645,0.5599671772925359,0.7443388412886217,6.014239999932519,NaN,NaN,0.0,1.5051546391752577,0.7207370590472116,0.20761245674740483,0.10034602076124567,0.17993079584775087,0.11072664359861592,0.9333473101821339,3.985791476379496,0.9411764705882353,0.5401303826892061,0.4100000000000001,27,0.2842481048363401,0.4350776674306086,1.7987266627404717,2.307018604566951,0.11764705882352941
1518,degree_null,17,49,0.1695501730103806,4,0.925037108329733,3.0,0.47058823529411764,0.058823529411764705,0.47058823529411764,1.7777777777777777,0.11764705882352941,0.35294117647058826,0.0,2.8823529411764706,1.1693583712517277,0.5330106704783828,1.8695119666363653,4.24,1.4150704019320886,4.605170185988092,1.3714285714285714,0.9057810995212342,0.1384083044982699,0.09688581314878893,0.11418685121107267,0.3391003460207612,0.9281525882338,2.848278649868625,0.23529411764705882,0.7267647058823529,0.4964705882352941,18,0.5068627450980392,0.4410830999066293,0.7277291221615776,0.8731872060246618,0.47058823529411764
1520,connectance_null,22,50,0.10330578512396695,9,0.9421032792817217,1.0,0.045454545454545456,0.0,0.9545454545454546,1.0476190476190477,0.0,0.6818181818181818,0.0,2.272727272727273,0.5628498911788116,0.5462251410928508,73.92852530991733,NaN,NaN,0.0,1.597938144329897,0.7526967390339756,0.12603305785123967,0.01859504132231405,0.05578512396694215,0.05991735537190083,0.7159134602957885,2.4212546728237996,0.9545454545454546,0.5565949095096823,0.3495454545454546,25,0.24424603174603174,0.24350649350649353,14.119466338762502,330.2991978837864,0.09090909090909091
1520,degree_null,22,46,0.09504132231404959,4,0.8977376935837328,2.0,0.4090909090909091,0.4090909090909091,0.18181818181818182,1.0,0.09090909090909091,0.5,0.0,2.090909090909091,1.083680362927422,1.18911255053716,1.9522529987373738,2.957894736842105,1.4507209467701003,4.553876891600541,1.1666666666666667,1.365838368089384,0.08057851239669421,0.049586776859504134,0.13636363636363635,0.11363636363636363,0.8653745315517736,3.656084656084656,0.0,0.7045454545454549,0.4104545454545455,18,0.3234307359307359,0.292443919716647,0.704771855380116,0.7399267882958271,0.4090909090909091
1591,connectance_null,7,11,0.22448979591836735,4,0.9337464381848285,1.0,0.0,0.2857142857142857,0.7142857142857143,0.7142857142857143,0.0,0.42857142857142855,0.0,1.5714285714285714,0.5006882315714638,0.8097205585386295,1.586032892321652e-17,NaN,NaN,0.0,1.411764705882353,0.7731727771013984,0.16326530612244897,0.08163265306122448,0.08163265306122448,0.02040816326530612,1.0530719293102173,0.8064516129032258,0.5714285714285714,0.6196547619047619,0.29999999999999993,0,0.2523809523809524,0.49999999999999994,0.5818669291036462,0.37116089039165967,0.2857142857142857
1591,degree_null,7,11,0.22448979591836735,3,0.9099059894850334,2.0,0.14285714285714285,0.2857142857142857,0.5714285714285714,0.8333333333333334,0.14285714285714285,0.42857142857142855,0.0,1.5714285714285714,0.8097205585386296,0.8891758030982552,2.892857142857143,2.7777777777777777,1.3944333775567928,2.1972245773362196,1.375,0.5725588978088239,0.10204081632653061,0.08163265306122448,0.10204081632653061,0.08163265306122448,1.0207591312934257,1.3259493670886076,0.0,0.5444642857142857,0.36,0,0.3380952380952381,0.35714285714285715,1.0062305898749053,1.3303571428571428,0.2857142857142857
1596,connectance_null,24,111,0.19270833333333334,4,0.9225852574447394,1.0,0.0,0.0,1.0,1.0,0.0,0.8333333333333334,0.0,4.625,0.4454560568098804,0.2690926164318184,2.6501437774402868e16,NaN,NaN,0.0,2.0,0.46961203038077054,0.4149305555555556,0.0954861111111111,0.1597222222222222,0.19270833333333334,0.8774729413376762,2.792345984020363,1.0,0.5963444320485729,0.48666666666666664,130,0.2955030228056543,0.35236060236060246,4.6704325509464555,72.34782608695652,0.041666666666666664
1596,degree_null,24,94,0.16319444444444445,5,0.889280877018441,2.0,0.375,0.125,0.5,1.4,0.08333333333333333,0.5,0.0,3.9166666666666665,1.1806697863206739,0.6814289869147687,2.1090613389017823,4.042253521126761,1.6426165513621411,4.2626798770413155,1.3602941176470589,1.0368835243501886,0.0763888888888889,0.1267361111111111,0.19444444444444445,0.4201388888888889,0.9500074109711255,6.3518917218485935,0.4583333333333333,0.6830208333333333,0.5045833333333333,33,0.508691902956777,0.40758972781031605,0.9587128468490046,0.8998229985306871,0.375
1678,connectance_null,24,71,0.1232638888888889,8,0.9339653420278581,1.0,0.041666666666666664,0.0,0.9583333333333334,1.0434782608695652,0.0,0.875,0.0,2.9583333333333335,0.43993565333375767,0.4931764015113505,75.97623501800608,NaN,NaN,0.0,2.0964467005076144,0.6376084967980079,0.2152777777777778,0.029513888888888888,0.10243055555555555,0.09722222222222222,0.7630524522058139,3.552510832559293,0.9583333333333334,0.5997473728121223,0.4254166666666667,70,0.270116341991342,0.23991402116402116,11.022471442930131,331.87127572550105,0.041666666666666664
1678,degree_null,24,75,0.13020833333333334,1,0.8400935389885059,2.0,0.6666666666666666,0.375,-0.041666666666666664,1.875,0.3333333333333333,0.0,0.0,3.125,1.5883050851389544,0.8967574438182703,1.3333333333333333,0.9868421052631579,0.1147078669352809,4.330733340286331,1.0,1.1135216364232032,0.0,0.0,0.2951388888888889,0.6302083333333334,0.872601623277318,3.7062818336162993,0.0,0.8333333333333333,0.53875,8,0.7302742396492395,0.0,3.0184781267670964e-16,0.23188405797101416,0.6666666666666666
1443,connectance_null,19,20,0.055401662049861494,8,0.979553652542761,2.0,0.2631578947368421,0.21052631578947367,0.5263157894736842,1.0714285714285714,0.05263157894736842,0.2631578947368421,0.0,1.0526315789473684,0.8057087976847881,0.6697843765803373,5.956937799043062,0.25,0.5,1.3862943611198906,1.9069767441860466,1.1371260068943794,0.04986149584487535,0.0,0.0110803324099723,0.013850415512465374,0.6138664002532124,2.324253129403117,0.42105263157894735,0.46213815789473683,0.20000000000000004,0,0.17456140350877195,0.0,2.969029642171657,17.047170267265965,0.3157894736842105
1443,degree_null,19,22,0.060941828254847646,2,0.8800770466845306,3.0,0.7894736842105263,0.10526315789473684,0.10526315789473684,4.25,0.15789473684210525,0.05263157894736842,0.0,1.1578947368421053,3.170108322575035,0.5943953104828191,1.2171052631578947,1.2,0.41039134083406165,2.995732273553991,1.0434782608695652,2.9365418840729314,0.002770083102493075,0.008310249307479225,0.008310249307479225,0.33240997229916897,0.9195126625172033,5.107142857142858,0.0,0.8947368421052633,0.49631578947368415,0,0.7850877192982455,0.14166666666666666,0.28867513459481287,0.18722587719298245,0.7894736842105263
FW_002,connectance_null,14,29,0.14795918367346939,6,0.9376820167352697,3.0,0.14285714285714285,0.21428571428571427,0.6428571428571429,0.9166666666666666,0.07142857142857142,0.7142857142857143,0.0,2.0714285714285716,0.6685086903103031,0.7683247202175846,8.273809523809522,4.25,2.0742785683093214,2.995732273553991,1.275,0.77743724569644,0.11734693877551021,0.04081632653061224,0.08673469387755102,0.08673469387755102,0.8625651289511341,2.0322066476020817,0.5,0.5721723484848485,0.44357142857142856,5,0.3433673469387755,0.3197278911564626,4.247704017229711,27.494522452855776,0.21428571428571427
FW_002,degree_null,14,29,0.14795918367346939,3,0.9094408888096828,3.0,0.2857142857142857,0.42857142857142855,0.2857142857142857,0.8,0.14285714285714285,0.35714285714285715,0.0,2.0714285714285716,0.9923331819803619,1.0621413045053387,2.3214285714285716,2.2058823529411766,1.0084314782600805,3.5263605246161616,1.1714285714285715,0.9994052928406508,0.05102040816326531,0.05612244897959184,0.17346938775510204,0.1377551020408163,0.9238337422646286,2.602941176470588,0.14285714285714285,0.5801098356009071,0.4314285714285713,4,0.44438775510204076,0.36224489795918374,0.868084920138248,0.9814285714285714,0.42857142857142855
FW_003,connectance_null,28,109,0.13903061224489796,5,0.9326285015375695,1.0,0.0,0.07142857142857142,0.9285714285714286,0.9285714285714286,0.0,0.8928571428571429,0.0,3.892857142857143,0.6108557906861829,0.5009444393600658,8.93770866270964e16,NaN,NaN,0.0,2.155,0.7377745823164253,0.2729591836734694,0.06887755102040816,0.15051020408163265,0.17091836734693877,0.8320940043978968,6.967326871856348,0.9285714285714286,0.6180390326416422,0.4457142857142858,122,0.24900759837734632,0.3147194075765505,22.530139891572112,1298.962962962963,0.07142857142857142
FW_003,degree_null,28,116,0.14795918367346939,6,0.9088620492592309,3.0,0.32142857142857145,0.07142857142857142,0.6071428571428571,1.368421052631579,0.07142857142857142,0.5714285714285714,0.0,4.142857142857143,1.1297160804878725,0.7596649030739451,2.3999611086067296,4.530612244897959,1.7568110994148227,4.990432586778736,1.6531531531531531,1.052880255629653,0.11096938775510204,0.11096938775510204,0.2372448979591837,0.3737244897959184,0.9173367413192689,7.244015813631547,0.5,0.6501196311858076,0.4814285714285714,60,0.43352560322374556,0.4065758646115789,1.025009963976771,1.138317804104553,0.32142857142857145
FW_004,connectance_null,32,144,0.140625,5,0.9348024070797066,1.0,0.0,0.0,1.0,1.0,0.0,0.84375,0.0,4.5,0.4186036220976755,0.30396293974357264,-3.677373533992036e17,NaN,NaN,0.0,2.1598579040852575,0.5700615154715711,0.369140625,0.0595703125,0.158203125,0.1689453125,0.7777858506112689,10.142850804549209,1.0,0.6001099546973531,0.471875,251,0.21995429087820392,0.28740044677544674,118.06594762067505,18233.8064516129,0.03125
FW_004,degree_null,32,136,0.1328125,8,0.8967254171964564,2.0,0.09375,0.125,0.78125,0.9655172413793104,0.03125,0.6875,0.0,4.25,1.0522672835293128,0.7951184922236234,34.23628702792001,4.9523809523809526,1.9462832356005442,4.143134726391533,1.8956228956228955,0.9747338296275458,0.140625,0.109375,0.2275390625,0.3681640625,0.8739601989265438,5.75798331520136,0.71875,0.5689050471625465,0.35375,91,0.3539785301504052,0.34000409312909313,10.236462379343267,184.03235339834464,0.125
FW_005,connectance_null,44,403,0.20816115702479338,4,0.933564678737897,1.0,0.0,0.0,1.0,1.0,0.0,0.9090909090909091,0.0,9.159090909090908,0.30875989171539703,0.2873682042002113,4.116630685406121e16,NaN,NaN,0.0,2.0459976105137394,0.4117444688605597,0.6420454545454546,0.16167355371900827,0.32644628099173556,0.3300619834710744,0.880687122344351,5.075208121195031,1.0,0.558581168846097,0.5175,815,0.24131539193792803,0.36293399526842796,9.045952994724006,69.95348837209302,0.022727272727272728
FW_005,degree_null,44,387,0.19989669421487602,6,0.8956845662681252,2.0,0.13636363636363635,0.09090909090909091,0.7727272727272727,1.0526315789473684,0.0,0.7954545454545454,0.0,8.795454545454545,0.8385662199773142,0.775618736564473,7.4335955326691305,7.209467455621302,2.2460930429896764,6.739336627357174,2.1429880843263063,0.9704261169681943,0.3197314049586777,0.3744834710743802,0.5433884297520661,0.6038223140495868,1.0221099267230567,11.654825482970566,0.7727272727272727,0.5683668017552004,0.48840909090909085,338,0.4058335817502417,0.4990517212067233,2.856747045271233,7.415739060427763,0.13636363636363635
FW_006,connectance_null,30,220,0.24444444444444444,3,0.9201767209119307,1.0,0.0,0.0,1.0,1.0,0.0,1.0,0.0,7.333333333333333,0.33466060441616124,0.2781590746127091,3.006672805691097e16,NaN,NaN,0.0,1.8106508875739644,0.4211899440122225,0.5366666666666666,0.18,0.26,0.2922222222222222,0.958266295105341,4.753599404071762,1.0,0.574928804188297,0.5216666666666666,314,0.2733112968668561,0.43896342706714225,7.546727275417531,32.55172413793103,0.03333333333333333
FW_006,degree_null,30,207,0.23,7,0.8893114572303479,2.0,0.06666666666666667,0.1,0.8333333333333334,0.9642857142857143,0.03333333333333333,0.8333333333333334,0.0,6.9,0.8504904380305062,0.5726076654146569,10.986737984778019,6.5768374164810695,2.0296569881884285,6.8001700683022,1.770042194092827,0.5913376635625319,0.3188888888888889,0.37444444444444447,0.38222222222222224,0.7155555555555555,1.0068867383987372,8.75030957469488,0.8,0.5423728652683305,0.45599999999999996,129,0.4295762924520256,0.4930851041616285,3.9123124321780085,12.02344623291337,0.1
FW_007,connectance_null,48,212,0.0920138888888889,5,0.9415485439150346,1.0,0.0,0.0,1.0,1.0,0.0,0.9583333333333334,0.0,4.416666666666667,0.41469270010950665,0.3930884517027265,-5.7442000713385176e16,NaN,NaN,0.0,2.6313834726090994,0.5473428206941917,0.2751736111111111,0.023871527777777776,0.1310763888888889,0.1332465277777778,0.6338807906246668,3.9063388983758762,1.0,0.5965679014210733,0.4620833333333333,557,0.1963746541126572,0.1710355038480038,17.999374039013077,603.2340425531914,0.020833333333333332
FW_007,degree_null,48,213,0.09244791666666667,6,0.906155816326787,4.0,0.22916666666666666,0.1875,0.5833333333333334,1.054054054054054,0.041666666666666664,0.6458333333333334,0.0,4.4375,0.9457551066340658,0.8430702530500719,4.445053456001498,5.473025048169557,1.8556241756722178,6.945051063725834,2.004580152671756,1.0788745695653466,0.1618923611111111,0.05295138888888889,0.2074652777777778,0.2365451388888889,0.7532833668606508,8.7623648083248,0.5,0.5929984672122055,0.4341666666666667,288,0.2762465676855908,0.21582101857837152,2.180633167479913,4.858051560284787,0.22916666666666666
FW_009,connectance_null,40,238,0.14875,4,0.934869494777347,3.0,0.025,0.0,0.975,1.0256410256410255,0.0,0.975,0.0,5.95,0.3528488197565981,0.38804132193760604,76.12746940744697,NaN,NaN,0.0,2.194831013916501,0.5616873800632101,0.470625,0.089375,0.22,0.21125,0.79022344876646,6.000168535605097,0.975,0.5855953306991171,0.506,538,0.22006971572253745,0.2980206598956599,8.541730884198936,160.35701197285124,0.025
FW_009,degree_null,40,211,0.131875,9,0.9017899673323504,2.0,0.15,0.1,0.75,1.0588235294117647,0.05,0.725,0.0,5.275,1.0792311566048698,0.8324284863756932,3.9524411755493105,6.368107302533532,2.1644120075014777,7.201916317531627,1.6330935251798562,0.9316389365320217,0.15625,0.1225,0.358125,0.520625,0.854942486180464,4.904718267853173,0.65,0.5700270268996275,0.45925000000000005,199,0.3719750670736207,0.33109613180936714,1.8162611100196775,2.725780099860535,0.15
FW_010,connectance_null,39,249,0.16370808678500987,5,0.9255881252030678,1.0,0.0,0.0,1.0,1.0,0.0,0.9743589743589743,0.0,6.384615384615385,0.36399439660315336,0.33053170652941405,-1.592802071955098e18,NaN,NaN,0.0,2.066066066066066,0.4622075002388013,0.4714003944773176,0.10190664036817883,0.22485207100591717,0.24194608809993426,0.8124689274749903,5.985983174494312,1.0,0.5759814314229452,0.497948717948718,521,0.24166001046752497,0.31792881159397,355.31314792333177,93130.1052631579,0.02564102564102564
FW_010,degree_null,39,227,0.1492439184746877,8,0.8923090482866329,2.0,0.1282051282051282,0.15384615384615385,0.717948717948718,0.9705882352941176,0.02564102564102564,0.7692307692307693,0.0,5.82051282051282,0.9613325297289951,0.9200450922513146,7.1950236941254,5.512422360248447,2.071393180023738,6.467698726104354,1.5,0.9188753501781944,0.168310322156476,0.19592373438527286,0.4451019066403682,0.5161078238001315,0.903982617026605,6.945316536863466,0.6410256410256411,0.5606835436377984,0.44128205128205145,194,0.37537812188307773,0.3860473317240974,3.058711757753104,8.096459972000412,0.15384615384615385
FW_011,connectance_null,105,385,0.03492063492063492,8,0.949756562220438,1.0,0.009523809523809525,0.047619047619047616,0.9428571428571428,0.9615384615384616,0.0,0.8952380952380953,0.0,3.6666666666666665,0.518108202352752,0.4673034737238262,125.81871507737259,5.741935483870968,1.7314298895322302,3.4339872044851463,2.664416586306654,0.6579746998616122,0.10521541950113379,0.00399092970521542,0.05206349206349206,0.05442176870748299,0.4139477645013333,5.779357001719768,0.9428571428571428,0.5965486806544849,0.4088571428571429,2151,0.1611118638761273,0.08103452103452104,12.600448207478484,185.89312149149572,0.047619047619047616
FW_011,degree_null,105,355,0.03219954648526077,8,0.9198286346924787,3.0,0.38095238095238093,0.49523809523809526,0.12380952380952381,0.8153846153846154,0.11428571428571428,0.4380952380952381,0.0,3.380952380952381,1.669319198080245,1.3661539013148307,2.080685492589751,2.519031141868512,1.4107108582360053,6.359573868672378,2.0552546045503792,1.8798494883503205,0.033197278911564626,0.014240362811791384,0.12471655328798185,0.1743310657596372,0.6538373172179868,7.200575149371933,0.08571428571428572,0.5951199563142943,0.3636190476190476,585,0.3128586319525232,0.10076813931450523,0.8114956508767289,0.9460280066436471,0.49523809523809526
FW_012_01,connectance_null,58,122,0.03626634958382877,13,0.9528161637272088,3.0,0.1206896551724138,0.1724137931034483,0.7068965517241379,0.9411764705882353,0.017241379310344827,0.6551724137931034,0.0,2.103448275862069,0.6822232434594767,0.6937501145521585,7.9085326632597805,4.845070422535211,2.26556765087342,4.2626798770413155,1.8779661016949152,0.8576752423890911,0.061236623067776455,0.0038644470868014267,0.03299643281807372,0.03210463733650416,0.4466066450240864,2.176572981432746,0.6551724137931034,0.5342909393379226,0.3132758620689655,153,0.22841655470965805,0.10808702791461412,2.7578841315623794,10.879008927268774,0.22413793103448276
FW_012_01,degree_null,58,105,0.0312128418549346,3,0.9154646957479526,2.0,0.46551724137931033,0.5344827586206896,0.0,0.8709677419354839,0.27586206896551724,0.1896551724137931,0.0,1.8103448275862069,2.07317386791878,1.4686128848493771,1.6892589419575927,1.5203252032520325,0.8526678816085443,4.812184355372417,1.2424242424242424,2.237995340737889,0.0077288941736028535,0.008620689655172414,0.06391200951248514,0.12336504161712247,0.7265828393269718,2.9840087001010502,0.0,0.6108707769473226,0.30120689655172417,36,0.39740784369719884,0.10337580127685074,0.4283122192180388,0.5009249924065816,0.5862068965517241
FW_012_02,connectance_null,71,162,0.03213648085697282,13,0.9525723952067315,5.0,0.1267605633802817,0.1267605633802817,0.7464788732394366,1.0,0.014084507042253521,0.704225352112676,0.0,2.2816901408450705,0.6633622134727135,0.6423465891500317,3.266200109755078,4.767123287671233,1.5412886738880902,4.290459441148391,1.8776978417266188,0.8372590269224763,0.05653640150763738,0.0019837333862328904,0.030152747470739934,0.03312834755008927,0.4289075856181894,2.7180015453580033,0.676056338028169,0.5492766787595703,0.35802816901408446,316,0.20423957888746613,0.055957970042477094,3.64294894588915,15.72022191249492,0.14084507042253522
FW_012_02,degree_null,71,134,0.02658202737552073,3,0.9241731077153408,3.0,0.4788732394366197,0.5633802816901409,-0.04225352112676056,0.8378378378378378,0.36619718309859156,0.14084507042253522,0.0,1.8873239436619718,1.9365701426781963,1.526614706326627,1.5885860083413827,1.8,0.8831287097539245,5.480638923341991,1.247191011235955,2.2014502543733188,0.012894267010513787,0.006744693513191827,0.06268597500495933,0.09779805594128149,0.6737325891357981,3.2751145282876575,0.0,0.7061854460093896,0.33788732394366194,119,0.37565106625521727,0.07269320334553842,0.3586223666737757,0.35311850202647393,0.5915492957746479
FW_013_01,connectance_null,66,204,0.046831955922865015,8,0.9473981376490006,2.0,0.030303030303030304,0.030303030303030304,0.9393939393939394,1.0,0.0,0.8181818181818182,0.0,3.090909090909091,0.5254502359809292,0.5862863641814693,44.43819897838437,5.4,1.816590212458495,1.6094379124341003,2.4851936218678814,0.7526901448044253,0.10651974288337925,0.004591368227731864,0.05922865013774105,0.052800734618916434,0.48562485079159506,5.138362561617282,0.9242424242424242,0.5845894849541791,0.3859090909090909,626,0.18160493942579495,0.08941269168541896,6.226283357837111,70.25562561401885,0.045454545454545456
FW_013_01,degree_null,66,169,0.03879706152433425,5,0.9155332337400826,3.0,0.4090909090909091,0.48484848484848486,0.10606060606060606,0.8717948717948718,0.15151515151515152,0.3484848484848485,0.0,2.5606060606060606,1.7786356270504764,1.3107880980834417,2.0058642029769747,2.498381877022654,1.3256328933691177,5.733341276897746,1.5521885521885521,1.9297149536427551,0.025482093663911846,0.01721763085399449,0.09710743801652892,0.16781450872359963,0.7466145750682031,5.553304619898265,0.0,0.6137215048382021,0.3437878787878789,117,0.3913695863068103,0.1129558912375638,0.7678190441880781,0.8960458689725451,0.5151515151515151
FW_013_02,connectance_null,77,234,0.03946702648001349,9,0.9462971498142971,4.0,0.03896103896103896,0.03896103896103896,0.922077922077922,1.0,0.0,0.8051948051948052,0.0,3.038961038961039,0.5481368220835754,0.5349827646511287,27.258694508253857,6.407407407407407,2.1350420507344947,3.295836866004329,1.9484240687679084,0.7353473617890586,0.09984820374430764,0.0057345252150446955,0.04823747680890538,0.05009276437847866,0.4530449672388153,3.4170767759640044,0.8961038961038961,0.5633256314476445,0.3781818181818182,787,0.18076415987034766,0.10442551676317909,5.575714239620591,41.74001846242989,0.06493506493506493
FW_013_02,degree_null,77,236,0.03980435149266318,3,0.89884169980843,3.0,0.4675324675324675,0.5064935064935064,0.025974025974025976,0.926829268292683,0.2857142857142857,0.22077922077922077,0.0,3.064935064935065,1.9159251388624488,1.3351520840556035,1.6568322981366461,1.6744868035190617,0.8451732074318465,5.831882477283517,1.3026315789473684,1.9312262287258568,0.00809580030359251,0.010119750379490639,0.13830325518637207,0.2519817844493169,0.734161580748149,4.923677596279091,0.0,0.6847957108680792,0.38415584415584414,192,0.4274328660262579,0.04784580370328167,0.4265834986780831,0.4664746902788723,0.5324675324675324
FW_013_03,connectance_null,78,245,0.04026955950032873,8,0.9468119906480397,2.0,0.05128205128205128,0.02564102564102564,0.9230769230769231,1.027027027027027,0.01282051282051282,0.8205128205128205,0.0,3.141025641025641,0.5776013572892309,0.5519637359209729,16.882479309307456,6.095238095238095,2.4678890150240123,3.044522437723423,2.3627152988855116,0.7745828427956716,0.11078238001314925,0.005424063116370809,0.05621301775147929,0.05736357659434582,0.46872663237238643,4.116064214524017,0.9102564102564102,0.5581043529840628,0.39602564102564103,799,0.17625380130440846,0.0918118918118918,4.765143124428879,27.249411357002803,0.0641025641025641
FW_013_03,degree_null,78,242,0.03977646285338593,5,0.9142468971741636,3.0,0.46153846153846156,0.3333333333333333,0.20512820512820512,1.2380952380952381,0.11538461538461539,0.358974358974359,0.0,3.1025641025641026,1.9322020517671457,1.1148232138112464,1.8282184661707686,2.6324786324786325,1.2303127080379892,6.371611847231857,1.4592592592592593,1.94318182888065,0.03353057199211045,0.016765285996055226,0.10075608152531229,0.252465483234714,0.6950669001290866,4.440387763800101,0.0,0.6794056520321393,0.3937179487179487,287,0.38820953817388004,0.1392007634555895,0.7074014899003336,0.6599332776149998,0.48717948717948717
FW_013_04,connectance_null,78,261,0.042899408284023666,8,0.9464644666917729,5.0,0.0641025641025641,0.01282051282051282,0.9230769230769231,1.0547945205479452,0.02564102564102564,0.8333333333333334,0.0,3.3461538461538463,0.5796266998980032,0.495475078548114,13.810033562845033,NaN,NaN,0.0,2.9689677010766307,0.784510303115407,0.11341222879684418,0.003616042077580539,0.05456936226166995,0.05900723208415516,0.47010758277146736,6.4807130033784155,0.8974358974358975,0.5589689206829918,0.4064102564102564,992,0.18634118779837983,0.06024161024161023,3.6987254932533307,19.204823071905768,0.07692307692307693
FW_013_04,degree_null,78,274,0.04503616042077581,5,0.9109278699270353,3.0,0.4230769230769231,0.4358974358974359,0.14102564102564102,0.9777777777777777,0.14102564102564102,0.3717948717948718,0.0,3.5128205128205128,1.8002709661883356,1.1667551903808009,1.9028016874859321,3.1297148114075437,1.3908111401683965,6.99117688712121,1.7483660130718954,1.8562420793941419,0.04503616042077581,0.02284681130834977,0.14003944773175542,0.2868178829717291,0.7381052491001365,4.991607023104434,0.0,0.650760045191481,0.3773076923076923,277,0.37978669087956657,0.12138592846988651,0.6349004937243243,0.7540001252250331,0.48717948717948717
FW_013_05,connectance_null,98,609,0.06341107871720117,5,0.9476411286883375,2.0,0.01020408163265306,0.0,0.9897959183673469,1.0103092783505154,0.0,0.9897959183673469,0.0,6.214285714285714,0.42371033789623674,0.37844936343678165,163.75111137844425,NaN,NaN,0.0,2.4820616472966144,0.549239973686331,0.30528946272386503,0.01967930029154519,0.15472719700124948,0.15982923781757602,0.5359933983999983,7.3895323146001495,0.9897959183673469,0.5774301471596918,0.4859183673469388,3571,0.15390752832194632,0.11856800171389163,17.32723280222479,316.50272753917983,0.01020408163265306
FW_013_05,degree_null,98,594,0.06184922948771345,7,0.9278865473001878,3.0,0.24489795918367346,0.6122448979591837,0.14285714285714285,0.5135135135135135,0.1326530612244898,0.5510204081632653,0.0,6.061224489795919,1.2586647562381426,1.5389181985704614,2.626038303878292,3.024819855884708,1.552043365808126,7.130098510125578,1.3410138248847927,1.5382705542599318,0.03446480633069554,0.03727613494377343,0.5511245314452311,0.4100374843815077,0.7716253617616222,4.022379538307437,0.061224489795918366,0.5692166307773677,0.3859183673469387,558,0.414075382890916,0.0867962236885908,1.3711809140591051,1.4017313491257863,0.6122448979591837
FW_014_01,connectance_null,86,399,0.05394808004326663,6,0.9461440190279581,5.0,0.011627906976744186,0.0,0.9883720930232558,1.011764705882353,0.0,0.9767441860465116,0.0,4.6395348837209305,0.43601040411888575,0.4459259114981346,69.08360407826932,NaN,NaN,0.0,2.606969205834684,0.6916639393747336,0.19645754461871281,0.010140616549486208,0.09315846403461331,0.09369929691725257,0.5084335455787008,9.08396111601914,0.9883720930232558,0.5841261644934614,0.46488372093023256,2029,0.16186580912949086,0.11892095392707389,8.336593914051623,67.63285810343591,0.011627906976744186
FW_014_01,degree_null,86,360,0.048674959437533805,5,0.9336486339614405,3.0,0.27906976744186046,0.5813953488372093,0.13953488372093023,0.5806451612903226,0.06976744186046512,0.5581395348837209,0.0,4.186046511627907,1.2161748789702074,1.5754788554023496,3.174145404800834,3.5877300613496934,1.692401467745289,6.703188113240863,1.4715447154471544,1.6268590282346926,0.03461330448891293,0.025013520822065982,0.2917793401838832,0.19835045970795023,0.716648444656262,5.804228822848831,0.03488372093023256,0.5733464326707783,0.3644186046511628,452,0.3498023222389835,0.11814183809136455,1.874842508933482,2.709169835623369,0.5813953488372093
FW_014_02,connectance_null,94,584,0.06609325486645541,5,0.9468465394358708,1.0,0.0,0.0,1.0,1.0,0.0,0.9787234042553191,0.0,6.212765957446808,0.3716229818776671,0.36936725857068825,-4.599569981887907e17,NaN,NaN,0.0,2.637650389242746,0.49483762468503073,0.3158669081032141,0.021050248981439566,0.15731100045269353,0.1553870529651426,0.5366242176576782,7.250232466416661,1.0,0.5892690691714388,0.4909574468085106,3380,0.16423818724839812,0.12151030166724126,191.08674774349277,24179.612903225807,0.010638297872340425
FW_014_02,degree_null,94,518,0.05862381167949298,5,0.9099321424686738,3.0,0.3617021276595745,0.5851063829787234,0.05319148936170213,0.65,0.1276595744680851,0.46808510638297873,0.0,5.51063829787234,1.3594731293061892,1.5463960426252341,2.0098814981700266,3.353786622443339,1.7329409630555763,7.500529485395295,1.3571428571428572,1.6193742371804802,0.030669986419194207,0.028180172023540062,0.4817790855590765,0.39735174287007696,0.7857839722078204,5.188577762524777,0.031914893617021274,0.5962109442870984,0.35265957446808516,378,0.4202517172100744,0.0745275334331244,0.8263547952973284,0.7265130548399282,0.5851063829787234
FW_014_03,connectance_null,108,695,0.05958504801097394,5,0.9477594891381759,1.0,0.0,0.0,1.0,1.0,0.0,0.9722222222222222,0.0,6.435185185185185,0.37782720071560555,0.36134006712455263,3.7968223000368584e16,NaN,NaN,0.0,2.6938738738738737,0.5264764983750355,0.29955418381344306,0.019804526748971193,0.14531893004115226,0.1498628257887517,0.5155753152297903,9.897660193033536,1.0,0.5815371363084535,0.48620370370370375,4491,0.14899589838981073,0.11935888575680455,10.915057578968167,132.18691588785046,0.009259259259259259
FW_014_03,degree_null,108,690,0.05915637860082305,9,0.9114782786709276,3.0,0.3611111111111111,0.5277777777777778,0.1111111111111111,0.7391304347826086,0.10185185185185185,0.5,0.0,6.388888888888889,1.3267223582800904,1.4163681077605124,2.2208227308348962,2.302397525135344,1.226879857811964,7.164720378771857,1.6661059714045416,1.4597546102255687,0.031207133058984912,0.031635802469135804,0.4967421124828532,0.45378943758573387,0.7475025282828869,6.2805890375423905,0.06481481481481481,0.6314941221193101,0.3985185185185184,714,0.38869370746858783,0.05964955215316176,1.1581623365006313,1.1889939634148279,0.5277777777777778
FW_014_04,connectance_null,112,839,0.06688456632653061,4,0.9484281222733549,1.0,0.0,0.0,1.0,1.0,0.0,0.9732142857142857,0.0,7.491071428571429,0.3380896269273934,0.3399837249681035,6.745914734087451e16,NaN,NaN,0.0,2.712417454357115,0.48114039948192366,0.3911830357142857,0.027184311224489797,0.19276147959183673,0.19260204081632654,0.5382657841154386,14.84216306459565,1.0,0.576725128342149,0.4941071428571429,5528,0.1497220725334511,0.12994666258952095,14.956344307521466,136.64864864864865,0.008928571428571428
FW_014_04,degree_null,112,802,0.06393494897959184,10,0.9205782896967193,3.0,0.2767857142857143,0.5625,0.16071428571428573,0.6049382716049383,0.08928571428571429,0.5714285714285714,0.0,7.160714285714286,1.3129287977397577,1.4359049562675987,2.5384414225134324,3.9344405594405596,1.8869421308123662,8.140898460607852,1.5520833333333333,1.477594714384818,0.048150510204081634,0.04097576530612245,0.6198182397959183,0.5448820153061225,0.7709320339044969,5.213797881367728,0.08928571428571429,0.6079192293806447,0.41776785714285714,836,0.41685978658187933,0.07764912486803724,1.3176003516564003,1.2763676202740908,0.5625
FW_015_01,connectance_null,96,577,0.06260850694444445,6,0.9475064862216199,5.0,0.010416666666666666,0.0,0.9895833333333334,1.0105263157894737,0.0,0.96875,0.0,6.010416666666667,0.38359666888280464,0.37824200450526213,79.332589944609,NaN,NaN,0.0,2.6496622408572095,0.5499504696299311,0.2839626736111111,0.018446180555555556,0.1408420138888889,0.1410590277777778,0.5315469244330735,13.12278129481384,0.9895833333333334,0.5729877201186959,0.4822916666666666,3321,0.1546573610905753,0.12652274509617775,8.264705598867168,84.49162175041077,0.010416666666666666
FW_015_01,degree_null,96,608,0.06597222222222222,7,0.9181228396086851,4.0,0.2708333333333333,0.4895833333333333,0.23958333333333334,0.7,0.11458333333333333,0.5520833333333334,0.0,6.333333333333333,1.282265454015622,1.3150025347594114,2.2528662528242167,3.495767016593295,1.5977835562377696,7.990576881743923,1.4145021645021645,1.405112195819275,0.060980902777777776,0.06043836805555555,0.46875,0.4522569444444444,0.7622675416985067,5.171473903871193,0.041666666666666664,0.6150272060262698,0.43833333333333335,717,0.38250396437548084,0.11638665771084274,0.7783437269076634,0.7726453584056443,0.4895833333333333
FW_015_02,connectance_null,83,404,0.05864421541588039,6,0.943950961286214,1.0,0.0,0.0,1.0,1.0,0.0,0.7710843373493976,0.0,4.867469879518072,0.40173325169137286,0.45349354776700185,2.2671503037026352e17,NaN,NaN,0.0,2.5575009948269,0.6003315104920489,0.22470605312817535,0.015241689650166933,0.11453041079982582,0.10538539700972566,0.5248169776364133,6.095301424520138,1.0,0.595936536624357,0.45734939759036153,2015,0.1613063939304072,0.11309391306220727,34.771918384445456,1860.6829268292684,0.012048192771084338
FW_015_02,degree_null,83,417,0.06053128175352011,4,0.9248687313320474,3.0,0.27710843373493976,0.5662650602409639,0.1566265060240964,0.6,0.08433734939759036,0.5783132530120482,0.0,5.024096385542169,1.2115059496249168,1.4659364641806945,2.3352997367351254,2.8495270851246777,1.3579203624493517,7.0587581525186645,1.4736842105263157,1.4819741170566998,0.05080563216722311,0.039918710988532446,0.4047031499491944,0.3023660908695021,0.7499374994862188,6.252376743013151,0.0,0.5983128016195435,0.38903614457831315,416,0.37513151000935463,0.14387487646608124,0.8745371742867666,0.8963316071091025,0.5662650602409639
FW_015_03,connectance_null,93,540,0.062434963579604576,6,0.944927797486824,1.0,0.0,0.0,1.0,1.0,0.0,0.956989247311828,0.0,5.806451612903226,0.3734190147825641,0.38864899433089695,4.345725362528831e16,NaN,NaN,0.0,2.719227099236641,0.5197972787059207,0.2752919412648861,0.017227425135853857,0.13943808532778357,0.13458203260492543,0.5246780485370651,16.15704337312463,1.0,0.5875766952364712,0.47290322580645155,3099,0.16445689838684374,0.12190316313955582,15.567408388816807,142.6086956521739,0.010752688172043012
FW_015_03,degree_null,93,521,0.0602381778240259,7,0.9275926241500595,3.0,0.3010752688172043,0.5591397849462365,0.13978494623655913,0.6307692307692307,0.08602150537634409,0.5913978494623656,0.0,5.602150537634409,1.3167667783872186,1.3761845144508058,2.3090121442288027,4.498684595147617,1.8495490268001753,8.137688184977605,1.4215809284818068,1.4419153386947547,0.043010752688172046,0.02682391027864493,0.42085790264770495,0.39808070297144177,0.7341920754495567,5.344574571030886,0.06451612903225806,0.6216176772947877,0.40956989247311815,578,0.3787172984806882,0.07662149142185445,1.0261407777968132,0.9497479261536262,0.5591397849462365
FW_015_04,connectance_null,107,916,0.08000698750982618,5,0.9487368469010009,1.0,0.0,0.0,1.0,1.0,0.0,0.794392523364486,0.0,8.560747663551401,0.3099617723240439,0.3165368456994694,2.2114579002164768e17,NaN,NaN,0.0,2.5127067365873335,0.42108391498359266,0.49515241505808366,0.04690365970827146,0.24692112848283693,0.24447550004367194,0.5827158132972453,9.868807549658209,1.0,0.5709116341899876,0.49915887850467294,5454,0.15113491062486972,0.1634162234982083,44.35514589891712,1941.7358490566037,0.009345794392523364
FW_015_04,degree_null,107,937,0.08184120883919993,8,0.9234401572636487,3.0,0.18691588785046728,0.4766355140186916,0.3364485981308411,0.6436781609195402,0.08411214953271028,0.6635514018691588,0.0,8.757009345794392,1.0960807454625654,1.3015270941612,3.1503628563383335,4.189761354888375,1.5106229747090991,8.55564437779049,1.7739822180627047,1.2905659462067551,0.12822080531050747,0.11354703467551751,0.7776224997816403,0.6147261769586864,0.7943987542753636,6.9116591700757795,0.2336448598130841,0.5760782909859785,0.4234579439252336,1114,0.3720211826337703,0.19120193141455552,1.3101311843150498,1.513981978597891,0.4766355140186916
FW_016_01,connectance_null,37,234,0.17092768444119796,4,0.9333913600047242,1.0,0.0,0.0,1.0,1.0,0.0,1.0,0.0,6.324324324324325,0.3575782329463127,0.31635800241960266,3.825509279358656e16,NaN,NaN,0.0,2.0489662676822635,0.44601114577952006,0.4141709276844412,0.07669831994156319,0.21183345507669832,0.21475529583637692,0.8082147415659969,3.395358885040957,1.0,0.5797834836418053,0.4967567567567566,466,0.23553997311097866,0.29867508838097073,11.60002504522518,78.22222222222223,0.02702702702702703
FW_016_01,degree_null,37,210,0.15339663988312638,5,0.907858207547507,3.0,0.02702702702702703,0.2702702702702703,0.7027027027027027,0.75,0.0,0.918918918918919,0.0,5.675675675675675,0.555697260839216,1.2291690847690067,78.4785460784868,5.096774193548387,1.7195898485719865,3.4339872044851463,1.6906779661016949,1.213041690797559,0.2191380569758948,0.19868517165814464,0.5967859751643535,0.18699780861943024,0.9711659376402086,3.8516467227340843,0.6216216216216216,0.5833675749377748,0.468108108108108,185,0.417935858404857,0.46283620797687286,11.01029524376502,226.1182684463211,0.2702702702702703
FW_017_01,connectance_null,217,824,0.017498778908025227,10,0.9526825582613129,3.0,0.009216589861751152,0.018433179723502304,0.9723502304147466,0.9906976744186047,0.0,0.9216589861751152,0.0,3.7972350230414746,0.5294589010041167,0.5221310588829164,95.52163623527358,6.3076923076923075,2.4620191838282786,3.258096538021482,2.98817925194072,0.7720248723025326,0.06345430992376139,0.0013166556945358788,0.031366136464991826,0.03151479114018136,0.3060231442393331,5.9446877427450096,0.9769585253456221,0.6037003766770721,0.3999078341013826,9898,0.1439376725695194,0.040569721384305285,6.7221172206130095,107.2348928425742,0.02304147465437788
FW_017_01,degree_null,217,815,0.017307651468495826,1,0.9256850510207265,2.0,0.880184331797235,0.1889400921658986,-0.06912442396313365,6.769230769230769,0.11981566820276497,0.0,0.0,3.7557603686635943,3.9244813861718364,0.8485921974792944,1.119815668202765,0.9819277108433735,0.1332932393295539,6.721425700790643,1.0,3.75664792185436,0.0,0.0,0.04714476841725244,0.5221176920299858,0.6854890862095799,48.59439384267429,0.0,0.9400921658986175,0.44331797235023046,902,0.5976098966452414,0.0,3.395737587058579e-15,0.10594811401263009,0.880184331797235
FW_017_02,connectance_null,164,531,0.019742712671029148,9,0.9540631477401482,4.0,0.036585365853658534,0.042682926829268296,0.9207317073170732,0.9936708860759493,0.006097560975609756,0.8658536585365854,0.0,3.2378048780487805,0.5396976393099461,0.5713020971064617,25.642446142016556,6.607142857142857,1.3148520748875057,3.332204510175204,2.9500584112149535,0.8199683709894088,0.05881915526472338,0.001412849494348602,0.02933521713265913,0.028033908387864365,0.3280197940829102,4.986246276092071,0.9146341463414634,0.5667644641266392,0.39512195121951216,4346,0.16060829613555574,0.052533882107052836,5.48635394054281,39.30117003083203,0.06707317073170732
FW_017_02,degree_null,164,510,0.01896192742415229,1,0.9075656575066794,2.0,0.8536585365853658,0.24390243902439024,-0.0975609756097561,5.166666666666667,0.14634146341463414,0.0,0.0,3.1097560975609757,3.885530500267839,0.8804806311114236,1.146341463414634,0.9695817490494296,0.17189868546986728,6.26530121273771,1.0,3.7229455370208835,0.0,0.0,0.04272010707911957,0.4624107674003569,0.7230115535364893,24.6305925151567,0.0,0.9268292682926831,0.3982317073170732,388,0.6029761575794016,0.0,3.409601491320111e-15,0.12569205446655682,0.8536585365853658
FW_017_03,connectance_null,165,841,0.030890725436179982,7,0.9495708785065755,3.0,0.006060606060606061,0.006060606060606061,0.9878787878787879,1.0,0.006060606060606061,0.9515151515151515,0.0,5.096969696969697,0.4257952253918299,0.4653043207183575,66.89251774709433,5.0,1.4142135623730951,0.6931471805599453,3.176557358447748,0.6596244626341016,0.138989898989899,0.004334251606978879,0.07026629935720845,0.06725436179981635,0.38508664816967825,12.26512502334996,0.9818181818181818,0.5821755769606998,0.4561818181818181,8758,0.1325986483330952,0.05799223032546984,8.193338411189398,67.18570635977532,0.006060606060606061
FW_017_03,degree_null,165,841,0.030890725436179982,1,0.9311192233282872,2.0,0.8484848484848485,0.18787878787878787,-0.03636363636363636,5.36,0.15151515151515152,0.0,0.0,5.096969696969697,3.2983215686180833,0.7555928681948679,1.1515151515151516,0.9929161747343566,0.08391637912862586,6.741700694652055,1.0,3.0720759480401814,0.0,0.0,0.1079522497704316,0.9145270890725437,0.738656163001637,38.203125070904626,0.0,0.924242424242424,0.48933333333333323,792,0.6085495781724433,0.0,4.647005101715555e-15,0.12934220251293435,0.8484848484848485
FW_017_04,connectance_null,120,495,0.034375,7,0.9483272952017032,3.0,0.008333333333333333,0.008333333333333333,0.9833333333333333,1.0,0.0,0.925,0.0,4.125,0.4549611883727136,0.4944928246335458,179.44548471927524,9.666666666666666,2.9154759474226504,2.1972245773362196,2.581961077844311,0.6571771782758054,0.11756944444444445,0.004791666666666666,0.05979166666666667,0.05694444444444444,0.40706977060396904,6.331572954552675,0.9833333333333333,0.5972323804968649,0.4325,3300,0.16072721517961436,0.07247806931630461,14.08107351011865,328.41770524016454,0.016666666666666666
FW_017_04,degree_null,120,509,0.035347222222222224,1,0.9339511733154169,2.0,0.7666666666666667,0.25,-0.016666666666666666,3.2142857142857144,0.23333333333333334,0.0,0.0,4.241666666666666,2.558231947735389,0.9056308502276532,1.2333333333333334,0.9960861056751468,0.0624997601775837,6.236369590203704,1.0,2.3125551263935287,0.0,0.0,0.11826388888888889,0.5438194444444444,0.6835050592871428,26.227869021177696,0.0,0.8833333333333332,0.48141666666666666,539,0.4926786091124743,0.0,1.9849030223632417e-15,0.18039215686274512,0.7666666666666667
FW_017_05,connectance_null,182,555,0.016755222799178845,10,0.9555443515980798,2.0,0.04395604395604396,0.06043956043956044,0.8956043956043956,0.9827586206896551,0.016483516483516484,0.8131868131868132,0.0,3.0494505494505493,0.5933397316083308,0.614007581811341,28.7183705674062,6.660714285714286,2.8869185274784916,4.718498871295094,2.619345859429367,0.8583975002280176,0.04625045284385944,0.0009660669001328342,0.02433281004709576,0.023547880690737835,0.3126696972003094,4.0155435297613575,0.8736263736263736,0.5584417682943295,0.371043956043956,4551,0.16219410825456101,0.03514946591869668,6.402966282452745,67.2367782521406,0.08241758241758242
FW_017_05,degree_null,182,549,0.016574085255403936,1,0.9349247260059995,2.0,0.9065934065934066,0.19230769230769232,-0.0989010989010989,8.647058823529411,0.09340659340659341,0.0,0.0,3.0164835164835164,4.277690988577528,0.8784642309341959,1.0934065934065933,0.9682539682539683,0.17547800154362533,6.340359303727752,1.0,4.130289320983615,0.0,0.0,0.03589542325806062,0.471621784808598,0.717805345196677,34.51665991848935,0.0,0.9532967032967037,0.49972527472527467,430,0.6867065416780571,0.0,3.865060608945619e-15,0.08514965697286125,0.9065934065934066
FW_017_06,connectance_null,142,726,0.03600476096012696,7,0.9519785389057316,1.0,0.0,0.014084507042253521,0.9859154929577465,0.9859154929577465,0.0,0.9436619718309859,0.0,5.112676056338028,0.37856478093774526,0.4535584376605251,3.234072259020115e16,NaN,NaN,0.0,3.171953030098529,0.5703132918923215,0.16112874429676652,0.006347946835945249,0.0824241221979766,0.07726641539377108,0.40890392278576365,10.338155158880442,0.9788732394366197,0.6021374414324455,0.46140845070422537,6509,0.1435453615797916,0.0754359053447703,12.077751972696475,144.68085106382978,0.014084507042253521
FW_017_06,degree_null,142,741,0.03674866097996429,1,0.934750529661763,2.0,0.8309859154929577,0.20422535211267606,-0.035211267605633804,4.708333333333333,0.16901408450704225,0.0,0.0,5.21830985915493,2.8822408791464564,0.7807105954185061,1.169014084507042,0.9932975871313673,0.08164818895279258,6.61472560020376,1.0,2.6272870269649893,0.0,0.0,0.13553858361436222,0.8684288831581035,0.7352693847852926,36.424023128612134,0.0,0.9154929577464793,0.501549295774648,668,0.5642575206708775,0.0,2.5235265523115956e-15,0.14144441114773718,0.8309859154929577
FW_001,connectance_null,40,186,0.11625,5,0.9352223989499772,1.0,0.0,0.0,1.0,1.0,0.0,0.8,0.0,4.65,0.406142379188969,0.37264319185557315,1.886258158626504e18,NaN,NaN,0.0,2.1798657718120804,0.5807370573360495,0.31125,0.033125,0.140625,0.146875,0.7001423598153376,8.836632672083754,1.0,0.5934119517105483,0.466,427,0.20576636663130476,0.21246212121212124,445.82738849390927,129391.58974358975,0.025
FW_001,degree_null,40,188,0.1175,7,0.9151546251842375,4.0,0.15,0.1,0.75,1.0588235294117647,0.075,0.625,0.0,4.7,1.203778877450934,0.7035232208588508,4.646354699169306,5.443786982248521,2.0938173454603226,5.823045895483019,1.5408450704225352,1.1430411902405884,0.20375,0.125,0.2075,0.4675,0.8690957835128517,2.3064209165027574,0.575,0.5556536103320445,0.3935,149,0.35682587688499523,0.38986133132022555,1.9822478465221722,4.760608038295541,0.25
FW_008,connectance_null,249,3367,0.0543055757165207,4,0.9570143697777896,1.0,0.0,0.0,1.0,1.0,0.0,1.0,0.0,13.522088353413654,0.25428567252239054,0.2681314460860785,7.78257078799616e16,NaN,NaN,0.0,2.708402811490808,0.36624520789327053,0.5752326575377816,0.03238657441009016,0.28788245350881436,0.2865921517394881,0.47352061441201615,10.750201182467292,1.0,0.5498019164609292,0.5016867469879519,38611,0.11015834267148306,0.10408682415996676,13.66707027301877,838.1935483870968,0.004016064257028112
FW_008,degree_null,249,2998,0.048354058805503135,8,0.9132835383463589,2.0,0.012048192771084338,0.05622489959839357,0.9317269076305221,0.9552845528455285,0.01606425702811245,0.9477911646586346,0.0,12.040160642570282,0.9630195111466648,1.7737624138105652,18.473620925717057,7.880750073249341,2.4446070318950097,8.135346948906706,2.4674182505017117,1.8600957443115451,0.23230270479508394,0.12611086917952935,1.0279189045337978,0.39196141997709716,0.7216553666930543,14.215468199603121,0.9116465863453815,0.5226699605607066,0.4648995983935743,16893,0.24751648960029196,0.27694764574682873,4.380910741799818,10.989900193880434,0.06827309236947791
benguela,connectance_null,29,196,0.23305588585017836,4,0.9198169877765151,1.0,0.0,0.0,1.0,1.0,0.0,0.9655172413793104,0.0,6.758620689655173,0.3228455739082297,0.4064651263892967,8.357240398780266e16,NaN,NaN,0.0,1.9092436974789917,0.46725375278841086,0.5065398335315101,0.17122473246135553,0.2615933412604043,0.26872770511296074,0.9508955503272488,3.304055080790807,1.0,0.5763823213698401,0.5089655172413794,278,0.2870086018531533,0.4320401820401821,12.166368103115769,219.42857142857142,0.034482758620689655
benguela,degree_null,29,197,0.2342449464922711,7,0.8805888675413021,2.0,0.13793103448275862,0.0,0.8620689655172413,1.16,0.0,0.7586206896551724,0.0,6.793103448275862,0.8284293285790348,0.7510080784649383,6.717511924247893,NaN,NaN,0.0,1.7159904534606205,0.873129120592056,0.25921521997621877,0.40190249702734837,0.4340071343638526,0.4875148632580262,1.0684858741400411,7.506661943984383,0.8620689655172413,0.5550788661547558,0.4579310344827586,95,0.46570297472203337,0.5681852630128492,2.360416457086557,5.879706903689169,0.1724137931034483
bridge_brook,connectance_null,25,122,0.1952,5,0.9219400333125064,1.0,0.0,0.0,1.0,1.0,0.0,0.96,0.0,4.88,0.3938124400382397,0.42788141429961263,1.8207657603852566e-16,NaN,NaN,0.0,1.7485380116959064,0.6725974658519766,0.304,0.048,0.1568,0.1392,0.8818171094788984,7.7134392965142515,1.0,0.5824555466428996,0.48680000000000007,163,0.26125399372915864,0.3254978354978355,0.6459534789390002,0.3689304936286888,0.04
bridge_brook,degree_null,25,103,0.1648,7,0.8994182642380443,3.0,0.44,0.04,0.52,1.7142857142857142,0.0,0.56,0.0,4.12,1.2162592054725776,0.7325916637275034,2.3700788975915206,0.0,NaN,0.0,1.4201183431952662,1.2080780876977404,0.0976,0.1632,0.176,0.4304,1.0247182790528975,6.257649296095158,0.56,0.7152923076923074,0.48519999999999996,41,0.4548857362108136,0.45462148962148957,1.185421644549651,1.6286645681418719,0.44
broom,connectance_null,85,198,0.02740484429065744,12,0.9571130837606114,3.0,0.07058823529411765,0.09411764705882353,0.8352941176470589,0.9746835443037974,0.011764705882352941,0.6941176470588235,0.0,2.3294117647058825,0.6192351135686415,0.6636979866740741,37.34777151908608,6.3522727272727275,2.754472946340409,4.477336814478207,2.2622036262203626,0.9792812018901978,0.05923875432525952,0.0011072664359861593,0.02906574394463668,0.0257439446366782,0.4093102661659857,3.6162955260803913,0.8117647058823529,0.5658738057418321,0.32305882352941173,512,0.22292158821570576,0.022586367880485528,8.453591146579258,147.99071957788232,0.15294117647058825
broom,degree_null,85,228,0.03155709342560554,7,0.9282522736835888,2.0,0.23529411764705882,0.6352941176470588,0.12941176470588237,0.47692307692307695,0.09411764705882353,0.4823529411764706,0.0,2.6823529411764704,1.1348864561342653,2.01191791695961,3.6382284004870185,4.578843626806833,1.969030232307705,7.3277805384216315,1.2847457627118644,2.2908153475440587,0.04193771626297578,0.020207612456747404,0.16152249134948096,0.05439446366782007,0.7530648852890249,1.8640769712771386,0.1411764705882353,0.512689617748931,0.3055294117647059,207,0.4478868788038338,0.17611010837474697,1.9149832039411945,4.38407823511274,0.6352941176470588
canton,connectance_null,102,684,0.0657439446366782,5,0.9462830103975844,1.0,0.0,0.0,1.0,1.0,0.0,0.9215686274509803,0.0,6.705882352941177,0.3984778243749502,0.35025130907579527,4.414860420667558e16,NaN,NaN,0.0,2.5055810899540383,0.5072662848139277,0.3162245290272972,0.022010765090349865,0.157439446366782,0.16416762783544792,0.5330447625651469,7.141029597837568,1.0,0.5840445427805132,0.48794117647058827,4029,0.15903958252260747,0.1290812515657717,17.041331918891206,278.1782178217822,0.00980392156862745
canton,degree_null,102,690,0.06632064590542099,7,0.9139713572174086,4.0,0.5490196078431373,0.3431372549019608,0.10784313725490197,1.4565217391304348,0.19607843137254902,0.2549019607843137,0.0,6.764705882352941,1.4061263858213828,1.272698531748512,1.478043884870583,3.0624546114742195,1.377687619599641,7.9208096792886,1.2258440046565775,1.404668382201926,0.044886582083813915,0.04306036139946175,0.5078815840061515,0.5872741253364091,0.7613930465417267,15.749592172812845,0.0,0.7745098039215688,0.4662745098039216,733,0.4176414695056287,0.0786643334684396,0.26293156921223965,0.2829965127206651,0.5490196078431373
chesapeake,connectance_null,31,75,0.07804370447450572,9,0.935227159198936,4.0,0.0967741935483871,0.06451612903225806,0.8387096774193549,1.0357142857142858,0.0,0.6451612903225806,0.0,2.4193548387096775,0.6897772050398538,0.7141158739878853,8.946859135783436,5.0,0.816496580927726,1.3862943611198906,2.3292682926829267,1.029727040422741,0.1331945889698231,0.012486992715920915,0.07492195629552549,0.06451612903225806,0.6677643439411702,2.8987256298561768,0.8387096774193549,0.5565098006034197,0.3729032258064515,87,0.22398631834115704,0.17007168458781366,2.6747815040630174,9.538200648322865,0.0967741935483871
chesapeake,degree_null,31,63,0.06555671175858481,4,0.92873701306683,3.0,0.3225806451612903,0.5483870967741935,0.12903225806451613,0.6666666666666666,0.0967741935483871,0.45161290322580644,0.0,2.032258064516129,1.0741861437088958,1.4788336125526498,2.126355380862022,2.1743119266055047,0.9213922305628716,4.6913478822291435,1.125,1.6167636135745231,0.045785639958376693,0.023933402705515087,0.1425598335067638,0.07596253902185224,0.7946568504178172,2.231571109456441,0.06451612903225806,0.5797307500249677,0.3587096774193549,26,0.3397337429595494,0.19233347297863423,0.6671901762985867,0.7312669000764969,0.5483870967741935
coachella,connectance_null,29,236,0.2806183115338882,4,0.9134711172497143,1.0,0.0,0.0,1.0,1.0,0.0,1.0,0.0,8.137931034482758,0.21716138605059282,0.3005019671565371,2.2797250141646132e16,NaN,NaN,0.0,1.696,0.3199242738814777,0.6004756242568371,0.25089179548156954,0.3234244946492271,0.2734839476813318,1.0107502319098083,2.3770230666161067,1.0,0.5703822019615123,0.5158620689655173,289,0.3293431748716607,0.49280688885151364,10.64962426260794,125.71428571428571,0.034482758620689655
coachella,degree_null,29,228,0.27110582639714625,4,0.8888623852626799,2.0,0.1724137931034483,0.0,0.8275862068965517,1.2083333333333333,0.0,0.8275862068965517,0.0,7.862068965517241,0.7614328875290259,0.6265595237716161,5.203657446437836,NaN,NaN,0.0,1.7617260787992495,0.8029268325837978,0.31272294887039237,0.4625445897740785,0.38406658739595717,0.5338882282996433,1.1081860178966578,5.126420521563294,0.8275862068965517,0.5866133816208778,0.49172413793103453,131,0.49938552317014406,0.5892690464938785,2.1552854968131805,4.122188075653608,0.1724137931034483
el_verde,connectance_null,155,1465,0.06097814776274714,4,0.9524595427735995,1.0,0.0,0.0,1.0,1.0,0.0,0.9870967741935484,0.0,9.451612903225806,0.31882136515817605,0.29759549910043065,1.9002495847218794e17,NaN,NaN,0.0,2.7031172379533035,0.44770844245204705,0.4557336108220604,0.029469302809573363,0.22289281997918833,0.22618106139438085,0.5107131399824141,12.9872366433106,1.0,0.5644080125048012,0.49870967741935474,12411,0.13145920941260114,0.11944517536401078,35.68546413941932,2121.1428571428573,0.0064516129032258064
el_verde,degree_null,155,1490,0.06201873048907388,7,0.9099803351112539,5.0,0.23870967741935484,0.16129032258064516,0.6,1.1016949152542372,0.012903225806451613,0.6645161290322581,0.0,9.612903225806452,1.2653405727840348,1.1464050343795913,4.344263986734252,10.7347068514738,2.886697007269559,11.62342873397371,2.205383086098792,1.8224102793171966,0.2762539021852237,0.1186264308012487,0.38247658688865765,0.4415400624349636,0.8185594707231753,7.504901878987404,0.5935483870967742,0.5716868524382371,0.425483870967742,4048,0.2775871533330303,0.30701343125755715,1.786721148872609,4.142816485992829,0.23870967741935484
grass,connectance_null,61,86,0.023112066648750335,18,0.9672781664604934,4.0,0.22950819672131148,0.2459016393442623,0.5245901639344263,0.9787234042553191,0.08196721311475409,0.36065573770491804,0.0,1.4098360655737705,0.8626804710299454,0.833010573875825,8.105066969134873,4.876923076923077,2.786730231761838,4.174387269895637,1.7473118279569892,1.2589413398875293,0.030636925557645793,0.0016124697661918839,0.013437248051599033,0.013705993012631014,0.46571851893964594,1.669266656785225,0.39344262295081966,0.46205277597939365,0.19819672131147542,39,0.19211021219217939,0.03825136612021857,3.9563651068230783,39.48266541627898,0.32786885245901637
grass,degree_null,61,92,0.02472453641494222,8,0.9435762401046593,2.0,0.32786885245901637,0.4426229508196721,0.22950819672131148,0.8292682926829268,0.18032786885245902,0.26229508196721313,0.0,1.5081967213114753,1.8021409150665144,1.3072943771514591,3.465172434042974,2.9903846153846154,2.069168926117334,4.6443908991413725,1.1944444444444444,2.02016847201527,0.015049717817790917,0.004568664337543671,0.03305563020693362,0.061273851115291586,0.6350261575770136,1.2695001038700104,0.09836065573770492,0.5106094986011288,0.23672131147540984,30,0.30365204012744984,0.10033556928446029,2.0777338177409423,7.5697709913557345,0.4918032786885246
little_rock,connectance_null,92,1020,0.12051039697542533,4,0.9450581333173838,1.0,0.0,0.0,1.0,1.0,0.0,1.0,0.0,11.08695652173913,0.2882344879332404,0.24931845788061954,5.9712820160974984e16,NaN,NaN,0.0,2.1450657894736844,0.33711406488937656,0.7705576559546313,0.10196124763705104,0.3915406427221172,0.4018194706994329,0.6906329683171056,10.243677704746968,1.0,0.5585374712822021,0.5097826086956523,4441,0.17455121160419457,0.22567318448548807,9.265727445453004,157.53846153846155,0.010869565217391304
little_rock,degree_null,92,926,0.10940453686200378,7,0.9045323291955235,3.0,0.22826086956521738,0.021739130434782608,0.75,1.267605633802817,0.03260869565217391,0.5978260869565217,0.0,10.065217391304348,1.473835480576681,0.6331391001722172,5.138818055473588,0.0,0.0,0.6931471805599453,1.898170246618934,1.4670794212564782,0.30434782608695654,0.30293005671077505,0.3132088846880907,1.2072306238185255,0.923071683818494,4.860656027737154,0.7282608695652174,0.5749120718662075,0.3969565217391304,1268,0.3926721824761788,0.4315267008353758,2.3585663732168864,6.69454913901825,0.22826086956521738
reef,connectance_null,50,568,0.2272,3,0.9308341076072242,1.0,0.0,0.0,1.0,1.0,0.0,1.0,0.0,11.36,0.29263810723735983,0.2310326634037206,4.218462048953805e16,NaN,NaN,0.0,1.8919440424505547,0.40517164115899934,0.9092,0.2784,0.434,0.4492,0.9283896000182734,12.16865239320594,1.0,0.5518623332950079,0.5192,1132,0.2628360226541657,0.4180963027161438,10.468300452091897,50.93877551020408,0.02
reef,degree_null,50,550,0.22,4,0.904347824227945,3.0,0.14,0.04,0.82,1.1162790697674418,0.0,0.84,0.0,11.0,0.8838804949181067,0.5965550170314727,7.506172218154568,4.090277777777778,1.1969403827965135,6.068425588244111,1.8695364238410597,1.0237523207800707,0.3992,0.4256,0.4332,0.744,1.0515939974252833,9.117073773475376,0.82,0.5690559643470651,0.4948,526,0.4098193970577767,0.5573386631574955,2.7735236576431976,7.763924020186789,0.14
shelf,connectance_null,79,1399,0.22416279442397052,3,0.9391928352338383,1.0,0.0,0.0,1.0,1.0,0.0,1.0,0.0,17.70886075949367,0.19227342066683575,0.22040722056843332,9.059079376083254e16,NaN,NaN,0.0,1.8552772808586762,0.2696971234059331,1.3390482294504087,0.3936869091491748,0.6865886877103028,0.6696042300913315,0.9033234083628026,5.451459007830649,1.0,0.5362709115813038,0.5063291139240508,3498,0.2335219502692422,0.40064715853698435,36.983658184471494,725.3333333333334,0.012658227848101266
shelf,degree_null,79,1323,0.21198525877263258,5,0.8977814898137451,2.0,0.08860759493670886,0.05063291139240506,0.8607594936708861,1.0416666666666667,0.0,0.8227848101265823,0.0,16.746835443037973,0.8882331218838816,0.7013664448518028,1.2424902925869994,6.5637319316688565,2.070474001799816,7.3277805384216315,2.06621857107294,0.822743455036261,0.624899855792341,0.943278320781926,1.1621535010414998,1.5809966351546227,1.0238204290359514,14.132673817682969,0.8481012658227848,0.5396354336481073,0.4550632911392405,1409,0.4447485043901167,0.5011134812428079,3.56258026048031,8.474754076597417,0.10126582278481013
skipwith,connectance_null,25,208,0.3328,3,0.9059468019580942,1.0,0.0,0.0,1.0,1.0,0.0,1.0,0.0,8.32,0.2979056321317516,0.23968246812734012,2.9801715975236384e16,NaN,NaN,0.0,1.654,0.38773275919664124,0.4816,0.2928,0.2528,0.2496,1.0914033372898915,7.682389521436085,1.0,0.5672358695147153,0.5124,202,0.3520991080439357,0.5992323129227153,7.8831111307632105,78.66666666666667,0.04
skipwith,degree_null,25,184,0.2944,5,0.8473450823609764,2.0,0.16,0.08,0.76,1.0952380952380953,0.0,0.72,0.0,7.36,0.9214120561514115,0.5722673828438231,7.938421198045943,4.9743589743589745,1.7503477935774212,5.455321115357702,1.6092307692307692,0.5903163867922336,0.1216,0.5296,0.4592,0.8752,1.1040401869322052,6.040571759834383,0.76,0.5667070175438595,0.43920000000000003,47,0.6187776168607371,0.5818709865985408,4.306205667574324,13.60772641050521,0.16
st_marks,connectance_null,48,196,0.08506944444444445,7,0.9325614033915725,2.0,0.020833333333333332,0.0,0.9791666666666666,1.0212765957446808,0.0,0.9166666666666666,0.0,4.083333333333333,0.5576148077658993,0.4761449846971783,33.78684091798975,NaN,NaN,0.0,2.382286995515695,0.7168182879926095,0.2243923611111111,0.025173611111111112,0.1150173611111111,0.125,0.6420994046509663,7.156508225158356,0.9791666666666666,0.5762105844818095,0.43145833333333333,466,0.20545447369895894,0.19523127335627335,5.702317545909661,41.51509842248789,0.020833333333333332
st_marks,degree_null,48,205,0.08897569444444445,7,0.9117526868257795,3.0,0.1875,0.25,0.5625,0.9230769230769231,0.020833333333333332,0.7291666666666666,0.0,4.270833333333333,0.9632806854127266,1.0012813439503077,3.65872790639675,3.628787878787879,1.779464294678362,4.882801922586371,1.7669683257918551,1.2687173453755347,0.18272569444444445,0.06684027777777778,0.2322048611111111,0.2222222222222222,0.8016590212992313,4.20865848483017,0.5,0.5841140767673759,0.44895833333333335,262,0.29831199584307616,0.23995052612506174,1.5838950324485102,2.2127941142514342,0.25
st_martins,connectance_null,42,170,0.0963718820861678,6,0.9382568248903477,1.0,0.0,0.023809523809523808,0.9761904761904762,0.9761904761904762,0.0,0.8095238095238095,0.0,4.0476190476190474,0.4294893898117165,0.45637798761965104,-4.5050372317688256e17,NaN,NaN,0.0,2.2391653290529696,0.5691895175555297,0.2732426303854875,0.026643990929705215,0.13945578231292516,0.1320861678004535,0.6738692691517788,5.009475926847939,0.9761904761904762,0.6129488296818342,0.44833333333333336,369,0.20169835222356236,0.15704943204943203,163.14066200802816,15584.780487804877,0.023809523809523808
st_martins,degree_null,42,217,0.12301587301587301,7,0.9041355945227405,3.0,0.16666666666666666,0.19047619047619047,0.6428571428571429,0.9714285714285714,0.047619047619047616,0.6666666666666666,0.0,5.166666666666667,1.0024461845075199,0.7799744828542201,3.641386319935634,7.035040431266847,2.5295793358465963,7.70796153183549,1.8342440801457194,1.0468093193230308,0.20861678004535147,0.12811791383219956,0.2556689342403628,0.36961451247165533,0.8586606466430511,5.093698370464109,0.5714285714285714,0.568487284431115,0.4411904761904763,207,0.35495633256430487,0.3275364033017438,1.5231981369273409,2.1973577081059705,0.19047619047619047
stony,connectance_null,109,831,0.06994360744045114,5,0.9476660200138693,1.0,0.0,0.0,1.0,1.0,0.0,0.9541284403669725,0.0,7.623853211009174,0.36961569755191387,0.3221786789681528,8.925567243481498e16,NaN,NaN,0.0,2.5951071221771858,0.5241088732805593,0.39407457284740344,0.027270431781836545,0.18988300648093595,0.19855231041158153,0.5529184038720105,20.833340380351714,1.0,0.5727387461633241,0.4888073394495413,5203,0.15633322851967651,0.13170490513439853,23.580381469956233,561.7777777777778,0.009174311926605505
stony,degree_null,109,807,0.0679235754566114,5,0.912723304091201,3.0,0.5688073394495413,0.3211009174311927,0.11009174311926606,1.574468085106383,0.2018348623853211,0.22935779816513763,0.0,7.4036697247706424,1.40500690553086,1.3683399824044906,1.4506984487953214,2.0821287779237845,0.9169074106530087,7.3277805384216315,1.1608465608465608,1.4487334325754666,0.029122127767022978,0.03838060769295514,0.6455685548354516,0.6709031226327751,0.7886206396666805,16.459564377777284,0.0,0.7844036697247708,0.46449541284403667,828,0.42781841224633904,0.07694692729301522,0.2227585920437088,0.2717561368955463,0.5688073394495413
ythan,connectance_null,82,378,0.05621653777513385,6,0.9447664228017146,3.0,0.012195121951219513,0.012195121951219513,0.975609756097561,1.0,0.0,0.9634146341463414,0.0,4.609756097560975,0.4087028614400968,0.41434990831137497,78.71286626989345,5.0,2.449489742783178,1.3862943611198906,2.475153809749172,0.5475514345774154,0.1998810232004759,0.010261748958953005,0.09845330160618679,0.09979179060083283,0.5042491299252536,11.273674734528944,0.975609756097561,0.5814464013432186,0.4630487804878049,1831,0.16161707768941194,0.10661567429860111,10.733421356456457,113.81184189655444,0.012195121951219513
ythan,degree_null,82,382,0.05681142177275431,7,0.9242426926797828,3.0,0.24390243902439024,0.43902439024390244,0.3170731707317073,0.7419354838709677,0.07317073170731707,0.5853658536585366,0.0,4.658536585365853,1.1636878790004468,1.3822185397295557,3.4369196065653043,5.247508753029895,1.893980045772346,8.21959545417708,1.9715678310316815,1.749400608562142,0.11748958953004164,0.05398572278405711,0.2688875669244497,0.19021415823914337,0.7939952823259423,4.657166060245434,0.3048780487804878,0.554391598752189,0.38268292682926836,544,0.29073211846817376,0.2150025010565503,1.6390941100738237,2.8988928670184997,0.43902439024390244
