id,model,richness,links,connectance,diameter,complexity,distance,basal,top,intermediate,predpreyRatio,herbivory,omnivory,cannibal,l_S,GenSD,VulSD,TL,ChLen,ChSD,ChNum,path,LinkSD,S1,S2,S4,S5,ρ,centrality,loops,resilience,robustness,intervals,MaxSim,Clust,trophicCoherence,trophicVar,control
3259,connectance_null,20,55,0.1375,8,0.9425122279296587,2.0,0.05,0.0,0.95,1.0526315789473684,0.0,0.85,0.0,2.75,0.4846490818028938,0.49880239348984295,94.58482430770242,NaN,NaN,0.0,1.7751937984496124,0.618688224889746,0.145,0.025,0.0625,0.095,0.7993361719483087,0.05,0.95,0.5727585539460539,0.44299999999999995,35,0.29598845598845597,0.25511904761904763,22.040284267534034,617.9641122376387,0.05
3259,degree_null,20,57,0.1425,4,0.911813919766972,2.0,0.2,0.3,0.5,0.875,0.1,0.65,0.0,2.85,0.9475052054052145,1.0199608318420095,2.4539094516594515,2.950617283950617,1.312452233110802,4.394449154672439,1.1764705882352942,0.9114279699571137,0.0675,0.065,0.245,0.2075,0.8785425204744108,0.05,0.2,0.5923166666666666,0.44000000000000006,18,0.432441724941725,0.28829365079365077,0.8779954524442503,0.7268003530201327,0.3
947,connectance_null,19,63,0.1745152354570637,6,0.9044379974480093,1.0,0.05263157894736842,0.05263157894736842,0.8947368421052632,1.0,0.0,0.8421052631578947,0.0,3.3157894736842106,0.5324497173368763,0.541856809079031,12.961452990403371,2.0,NaN,0.0,2.0058823529411764,0.6907346107667747,0.25761772853185594,0.04986149584487535,0.14958448753462603,0.14958448753462603,0.8717351918277287,0.05263157894736842,0.8947368421052632,0.576217427459881,0.4410526315789473,50,0.3006966717493033,0.32518796992481197,3.1115907128766076,11.255562259026558,0.05263157894736842
947,degree_null,19,58,0.16066481994459833,7,0.9096740633410492,2.0,0.10526315789473684,0.3157894736842105,0.5789473684210527,0.7647058823529411,0.05263157894736842,0.6842105263157895,0.0,3.0526315789473686,0.8835634501598902,0.8699638490719216,5.5146389691364925,3.3617021276595747,1.620863053986358,3.8501476017100584,1.4069767441860466,0.7790059758929616,0.11357340720221606,0.08587257617728532,0.21329639889196675,0.23822714681440443,0.9041590199710535,0.05263157894736842,0.47368421052631576,0.5450785647101436,0.37526315789473685,18,0.4272119693172325,0.27878408141566036,2.4276568550039714,5.077291159973793,0.3157894736842105
1261,connectance_null,13,12,0.07100591715976332,5,0.9856572156793736,1.0,0.15384615384615385,0.46153846153846156,0.38461538461538464,0.6363636363636364,0.15384615384615385,0.07692307692307693,0.0,0.9230769230769231,0.5346771265255599,1.1242281302693367,0.4615384615384616,0.6666666666666666,0.5773502691896258,1.0986122886681098,1.96,1.1572036857746222,0.03550295857988166,0.005917159763313609,0.029585798816568046,0.0,0.7810356126635315,0.07692307692307691,0.23076923076923078,0.45247893772893777,0.20846153846153848,0,0.28076923076923077,0.23076923076923078,0.4999999999999997,1.3525641025641024,0.46153846153846156
1261,degree_null,13,15,0.08875739644970414,2,0.9294105488184354,3.0,0.5384615384615384,0.3076923076923077,0.15384615384615385,1.5,0.38461538461538464,0.07692307692307693,0.0,1.1538461538461537,1.5359880400768948,1.2177696674506897,1.4871794871794874,1.2307692307692308,0.4385290096535146,2.5649493574615367,1.0625,1.4321700705960558,0.005917159763313609,0.011834319526627219,0.0650887573964497,0.10650887573964497,0.8285784867944808,0.07692307692307693,0.0,0.7692307692307694,0.45153846153846156,2,0.46043956043956036,0.14615384615384613,0.3086066999241839,0.30769230769230765,0.6153846153846154
1237,connectance_null,45,206,0.1017283950617284,5,0.9359601243503529,1.0,0.0,0.0,1.0,1.0,0.0,0.8,0.0,4.5777777777777775,0.4783406749207559,0.45510370692449714,3.8045806117130296e16,NaN,NaN,0.0,2.2006472491909386,0.6938521892954327,0.2819753086419753,0.030617283950617285,0.134320987654321,0.1451851851851852,0.680024472917683,0.02222222222222222,1.0,0.5972799608463955,0.45644444444444454,516,0.21020691545201345,0.20324502657835986,8.814686472492104,39.27272727272727,0.022222222222222223
1237,degree_null,45,190,0.09382716049382717,7,0.910338208479314,4.0,0.4888888888888889,0.15555555555555556,0.35555555555555557,1.6521739130434783,0.044444444444444446,0.4444444444444444,0.0,4.222222222222222,1.541450699626981,0.8341429794699122,1.9106777871026976,4.675714285714286,1.712274605472285,6.551080335043404,1.517751479289941,1.6217872566453266,0.10123456790123457,0.1259259259259259,0.13679012345679012,0.4301234567901235,0.9375057019102271,0.022222222222222223,0.35555555555555557,0.7070303030303029,0.42333333333333334,126,0.40425940719507153,0.429417237414276,0.9067187026572405,0.8967982980664998,0.4888888888888889
1259,connectance_null,41,166,0.09875074360499703,5,0.9370886521010203,4.0,0.024390243902439025,0.0,0.975609756097561,1.025,0.0,0.9512195121951219,0.0,4.048780487804878,0.39033169602538,0.43819038595307425,45.18966047405993,NaN,NaN,0.0,2.1864406779661016,0.5405732885844087,0.22724568709101725,0.029149315883402735,0.11421772754312909,0.1041046995835812,0.6482284634008296,0.024390243902439025,0.975609756097561,0.5808569379461066,0.45902439024390246,346,0.20404293418999309,0.23149790588814984,7.641824137371233,69.4606344109025,0.024390243902439025
1259,degree_null,41,164,0.0975609756097561,4,0.9068664523030844,3.0,0.6341463414634146,0.0975609756097561,0.2682926829268293,2.466666666666667,0.07317073170731707,0.2682926829268293,0.0,4.0,1.8200274723201295,0.5533985905294664,1.4836341550104628,3.470225872689938,1.343570480517993,6.18826412308259,1.3669354838709677,1.5722197683530124,0.08685306365258774,0.08328375966686496,0.12135633551457466,0.693634741225461,0.8722607875324223,0.02439024390243902,0.14634146341463414,0.8023606271777003,0.46341463414634154,70,0.5763304902119031,0.3369511777253029,0.5625274962773805,0.43725953425971864,0.6341463414634146
1243,connectance_null,35,83,0.06775510204081632,8,0.9495827736787685,3.0,0.11428571428571428,0.14285714285714285,0.7428571428571429,0.967741935483871,0.02857142857142857,0.6857142857142857,0.0,2.3714285714285714,0.6311702840937543,0.6475306121794507,2.863206000510833,4.365853658536586,1.5613471356648336,3.713572066704308,1.6206896551724137,0.8267316257281164,0.10693877551020409,0.00816326530612245,0.05877551020408163,0.05551020408163265,0.5932053579024624,0.02857142857142857,0.5428571428571428,0.5537342155549961,0.3811428571428572,99,0.23122742337028054,0.1252154195011338,1.7570030456034575,5.062220222583731,0.2
1243,degree_null,35,53,0.04326530612244898,4,0.9130569074621695,2.0,0.5714285714285714,0.37142857142857144,0.05714285714285714,1.4666666666666666,0.2,0.22857142857142856,0.0,1.5142857142857142,1.7128782191401088,1.324356907940318,1.5043650793650793,1.3962264150943395,0.947458597461762,3.970291913552122,1.0185185185185186,1.78701201233641,0.005714285714285714,0.004897959183673469,0.05959183673469388,0.09551020408163265,0.7012836716142984,0.028571428571428564,0.05714285714285714,0.7857142857142858,0.34542857142857136,21,0.43473748473748475,0.09594104308390021,0.4632121836324333,0.3684274172632016,0.5714285714285714
1231,connectance_null,22,65,0.13429752066115702,5,0.9288162495879378,1.0,0.0,0.045454545454545456,0.9545454545454546,0.9545454545454546,0.0,0.5454545454545454,0.0,2.9545454545454546,0.5475218897726554,0.5061025169649122,1.1615986882596589e17,NaN,NaN,0.0,2.0913705583756346,0.8218487293272845,0.2128099173553719,0.030991735537190084,0.09297520661157024,0.10330578512396695,0.7983799856723535,0.045454545454545456,0.9545454545454546,0.6032478867022212,0.4118181818181818,58,0.2760822510822511,0.2834054834054834,38.0412731324605,1011.8095238095239,0.045454545454545456
1231,degree_null,22,56,0.11570247933884298,6,0.9017363486076121,3.0,0.5,0.18181818181818182,0.3181818181818182,1.6363636363636365,0.045454545454545456,0.45454545454545453,0.0,2.5454545454545454,1.560763125996809,0.7831591105387365,2.210339366676351,0.0,0.0,1.3862943611198906,1.4333333333333333,1.9050595005616684,0.06611570247933884,0.047520661157024795,0.03305785123966942,0.19421487603305784,1.042148096251324,0.045454545454545456,0.45454545454545453,0.7026136363636363,0.4045454545454546,11,0.4010642135642135,0.5512078830260648,1.2312472407354966,1.710035328358756,0.5
1238,connectance_null,16,27,0.10546875,4,0.9477282596673637,3.0,0.125,0.25,0.625,0.8571428571428571,0.3125,0.3125,0.0,1.6875,0.8014618559473915,0.8578958958312678,2.734913793103448,3.45,1.316894273021107,2.995732273553991,1.3333333333333333,0.8345532908356584,0.08984375,0.01953125,0.078125,0.0703125,0.7795439769665918,0.0625,0.1875,0.5572385695901321,0.365625,4,0.2824404761904762,0.14583333333333334,0.5546177435757621,1.2670184304399528,0.3125
1238,degree_null,16,23,0.08984375,3,0.94593802566119,3.0,0.6875,0.1875,0.125,2.6,0.125,0.1875,0.0,1.4375,1.8134830732496023,0.7607246238759072,1.388392857142857,2.652173913043478,1.1912062508297252,3.1354942159291497,1.1785714285714286,1.8118144793616282,0.05078125,0.04296875,0.01171875,0.17578125,0.9574706721446791,0.0625,0.0,0.8437499999999999,0.51,3,0.4000686813186813,0.4362599206349206,0.43978827761550754,0.3727678571428569,0.6875
1258,connectance_null,22,27,0.05578512396694215,4,0.9616474537005415,2.0,0.22727272727272727,0.3181818181818182,0.45454545454545453,0.8823529411764706,0.09090909090909091,0.2727272727272727,0.0,1.2272727272727273,0.8685955110784129,0.9042615446571479,0.9785448593959231,1.7,0.9486832980505139,2.302585092994046,1.5961538461538463,1.2754432575770327,0.03305785123966942,0.0,0.01652892561983471,0.022727272727272728,0.6012103304311824,0.045454545454545456,0.2727272727272727,0.5182272462386098,0.2913636363636364,0,0.24518398268398267,0.0,1.1064732588998343,3.0497554623528735,0.36363636363636365
1258,degree_null,22,28,0.05785123966942149,1,0.8932713711539142,2.0,0.5909090909090909,0.5909090909090909,-0.18181818181818182,1.0,0.4090909090909091,0.0,0.0,1.2727272727272727,1.438232637487249,1.7176837071429236,1.4090909090909092,0.875,0.3360107525161235,3.4657359027997265,1.0,1.7098866459738462,0.0,0.0,0.1115702479338843,0.08057851239669421,0.7988142167303972,0.045454545454545456,0.0,0.7954545454545453,0.42045454545454547,3,0.4890151515151515,0.0,1.709300165674279e-16,0.25324675324675316,0.6363636363636364
1223,connectance_null,15,18,0.08,5,0.9538499892617054,2.0,0.4,0.26666666666666666,0.3333333333333333,1.2222222222222223,0.13333333333333333,0.3333333333333333,0.0,1.2,1.0059347702036956,0.8451542547285165,2.3203703703703704,3.35,1.755442664221313,2.995732273553991,1.2173913043478262,1.2909944487358058,0.08444444444444445,0.008888888888888889,0.03111111111111111,0.044444444444444446,0.7974140683202147,0.06666666666666668,0.0,0.5728305555555555,0.32400000000000007,2,0.21682539682539684,0.08,0.6850011529338452,1.9429967666078778,0.4
1223,degree_null,15,15,0.06666666666666667,3,0.9590812959827515,4.0,0.6,0.3333333333333333,0.06666666666666667,1.6666666666666667,0.13333333333333333,0.2,0.0,1.0,1.6903085094570331,0.9258200997725514,1.6138888888888887,1.6,1.1832159566199232,2.70805020110221,1.380952380952381,1.7320508075688772,0.03111111111111111,0.013333333333333334,0.013333333333333334,0.07555555555555556,0.8350762273319333,0.06666666666666667,0.0,0.7300666666666666,0.35333333333333333,0,0.3777777777777777,0.21333333333333335,0.5623346317765233,0.716881613756614,0.6666666666666666
88,connectance_null,44,105,0.054235537190082644,10,0.9435714979517813,4.0,0.11363636363636363,0.13636363636363635,0.75,0.9743589743589743,0.045454545454545456,0.7045454545454546,0.0,2.3863636363636362,0.5731167385193889,0.6895487719030399,6.391669754270357,7.188888888888889,2.4120225297755447,4.499809670330265,2.238709677419355,0.8276200288764387,0.08677685950413223,0.006714876033057851,0.0506198347107438,0.04183884297520661,0.5459565646946224,0.022727272727272724,0.7045454545454546,0.5436025062137381,0.38,171,0.21253197560015744,0.10670995670995671,2.3858475962366614,7.296308757941635,0.1590909090909091
88,degree_null,44,100,0.05165289256198347,1,0.9181897324968573,2.0,0.7272727272727273,0.36363636363636365,-0.09090909090909091,2.3333333333333335,0.2727272727272727,0.0,0.0,2.272727272727273,2.0070758551614563,1.0958526466892404,1.2727272727272727,0.9615384615384616,0.19323896987207784,4.6443908991413725,1.0,1.784022108529188,0.0,0.0,0.10175619834710743,0.26394628099173556,0.7366551981388432,0.02272727272727273,0.0,0.8636363636363634,0.4956818181818181,39,0.5588827838827839,0.0,4.589789962600509e-16,0.20295983086680755,0.7272727272727273
92,connectance_null,29,208,0.2473246135552913,4,0.9157077513906284,1.0,0.0,0.0,1.0,1.0,0.0,0.9310344827586207,0.0,7.172413793103448,0.3837645121174933,0.31413088802922917,5.837533105596904e16,NaN,NaN,0.0,1.9274447949526814,0.4598182227481415,0.5017835909631391,0.20451843043995244,0.272294887039239,0.27705112960760997,0.9771930274048716,0.034482758620689655,1.0,0.575044514048702,0.5072413793103449,264,0.31103990198415077,0.47062436661828144,8.50575252913912,144.0,0.034482758620689655
92,degree_null,29,172,0.20451843043995244,8,0.8734260562769559,2.0,0.06896551724137931,0.06896551724137931,0.8620689655172413,1.0,0.0,0.6896551724137931,0.0,5.931034482758621,0.963231909352696,0.7738660070871305,92.56066042937555,3.95,1.234376040972246,2.995732273553991,1.9922879177377892,0.9481392680110153,0.1581450653983353,0.2699167657550535,0.37098692033293695,0.5267538644470868,1.0297921686705571,0.034482758620689655,0.8620689655172413,0.5421000694214908,0.37310344827586206,59,0.46850999178974123,0.45649191324434196,21.943422041256078,667.7156677255317,0.13793103448275862
96,connectance_null,16,60,0.234375,5,0.9034489139705447,1.0,0.0,0.0625,0.9375,0.9375,0.0,0.625,0.0,3.75,0.429987079909256,0.5377594119912595,4.545377653951798e16,NaN,NaN,0.0,1.5901639344262295,0.76050665373182,0.203125,0.06640625,0.1171875,0.09765625,0.9906669994676844,0.0625,0.9375,0.5937113164613165,0.480625,37,0.3307254514491356,0.5771329365079365,10.972178478541613,119.46666666666667,0.0625
96,degree_null,16,52,0.203125,3,0.8623948717040641,3.0,0.4375,0.1875,0.375,1.4444444444444444,0.0625,0.5,0.0,3.25,1.1485347839318498,0.7743419933611025,1.8718733185364542,3.4,1.3926578181015348,4.787491742782046,1.323943661971831,0.9533497467587488,0.0625,0.21484375,0.16796875,0.3828125,1.0621855596941119,0.0625,0.1875,0.71875,0.525,8,0.5153573856698855,0.45575396825396824,0.7080047843035141,0.676100216245923,0.4375
98,connectance_null,14,19,0.09693877551020408,5,0.962178323481018,3.0,0.21428571428571427,0.2857142857142857,0.5,0.9090909090909091,0.14285714285714285,0.5,0.0,1.3571428571428572,0.6843662233314163,0.7428901583295144,3.3134920634920633,4.25,1.4521348601882378,3.1780538303479458,1.5714285714285714,1.0590895019752198,0.09183673469387756,0.00510204081632653,0.03571428571428571,0.025510204081632654,0.781668568784486,0.07142857142857144,0.21428571428571427,0.5785745464852607,0.37999999999999995,1,0.20867346938775508,0.0738095238095238,0.9617157164887989,2.9922161172161172,0.2857142857142857
98,degree_null,14,19,0.09693877551020408,3,0.9299634770387303,3.0,0.5714285714285714,0.21428571428571427,0.21428571428571427,1.8333333333333333,0.14285714285714285,0.2857142857142857,0.0,1.3571428571428572,1.7002024170990084,0.7428901583295144,1.5684523809523812,1.6666666666666667,0.8401680504168059,2.8903717578961645,1.05,1.513628689301755,0.03571428571428571,0.025510204081632654,0.025510204081632654,0.1683673469387755,0.8950912092231595,0.07142857142857142,0.0,0.7857142857142858,0.4292857142857142,0,0.38095238095238093,0.2649659863945578,0.5565962474864966,0.49455318986568986,0.5714285714285714
99,connectance_null,9,12,0.14814814814814814,2,0.9515480520600571,3.0,0.3333333333333333,0.1111111111111111,0.5555555555555556,1.3333333333333333,0.2222222222222222,0.2222222222222222,0.0,1.3333333333333333,0.9921567416492215,0.5303300858899107,2.5277777777777777,2.3333333333333335,0.816496580927726,1.791759469228055,1.25,0.5303300858899107,0.06172839506172839,0.0,0.037037037037037035,0.09876543209876543,0.7874762678855463,0.1111111111111111,0.2222222222222222,0.6266388888888889,0.4355555555555556,2,0.26666666666666666,0.0,1.2339883600452934,2.194444444444444,0.3333333333333333
99,degree_null,9,12,0.14814814814814814,3,0.9047325513528152,2.0,0.3333333333333333,0.3333333333333333,0.3333333333333333,1.0,0.2222222222222222,0.4444444444444444,0.0,1.3333333333333333,0.9185586535436917,0.9921567416492215,2.1666666666666665,1.6666666666666667,0.816496580927726,1.791759469228055,1.0769230769230769,1.0606601717798214,0.04938271604938271,0.012345679012345678,0.07407407407407407,0.04938271604938271,0.9077635507844268,0.1111111111111111,0.2222222222222222,0.6501111111111112,0.4266666666666667,1,0.36322751322751323,0.17037037037037037,0.8581163303210333,1.0550000000000002,0.3333333333333333
100,connectance_null,14,20,0.10204081632653061,6,0.9541539983730213,1.0,0.07142857142857142,0.35714285714285715,0.5714285714285714,0.6923076923076923,0.0,0.2857142857142857,0.0,1.4285714285714286,0.8105079129305753,1.016782254883588,15.087301587301587,4.111111111111111,1.0540925533894598,2.1972245773362196,1.6590909090909092,1.5738243475442477,0.12755102040816327,0.025510204081632654,0.0663265306122449,0.04081632653061224,0.9376548905395432,0.07142857142857144,0.5714285714285714,0.5792156385281385,0.33428571428571424,0,0.4156746031746032,0.28486394557823125,3.274728485488715,20.54354904354904,0.42857142857142855
100,degree_null,14,28,0.14285714285714285,3,0.8893484313316813,2.0,0.35714285714285715,0.35714285714285715,0.2857142857142857,1.0,0.07142857142857142,0.5,0.0,2.0,1.1435437497937313,1.0919284281983377,2.185181898846495,2.12,1.0132456102380443,3.2188758248682006,1.1515151515151516,1.3587324409735149,0.025510204081632654,0.05102040816326531,0.12244897959183673,0.12755102040816327,0.9773652572843919,0.07142857142857144,0.2857142857142857,0.6522321428571429,0.46785714285714286,0,0.5572845804988663,0.4261904761904762,0.858505932514663,0.9495735775354615,0.5
102,connectance_null,29,70,0.08323424494649227,6,0.9461242608871707,1.0,0.0,0.06896551724137931,0.9310344827586207,0.9310344827586207,0.0,0.4827586206896552,0.0,2.413793103448276,0.48915349025253724,0.6505100040015699,2.536882816376584e18,NaN,NaN,0.0,1.8245614035087718,0.8509726898969422,0.13198573127229488,0.007134363852556481,0.07015457788347206,0.05826397146254459,0.6461981281621203,0.034482758620689655,0.9310344827586207,0.6162089217238345,0.3520689655172414,51,0.28180823008409206,0.17799671592775043,471.72438175225216,159158.85714285713,0.1724137931034483
102,degree_null,29,68,0.08085612366230678,6,0.9223703296384499,2.0,0.20689655172413793,0.27586206896551724,0.5172413793103449,0.9130434782608695,0.10344827586206896,0.5172413793103449,0.0,2.3448275862068964,0.920876468422296,1.1914811831445113,4.93966225570688,5.0588235294117645,1.926783757754677,5.135798437050262,1.4174757281553398,1.3000781850324357,0.0713436385255648,0.01070154577883472,0.1426872770511296,0.09988109393579073,0.7514601693376245,0.034482758620689655,0.3103448275862069,0.5547575525824365,0.3620689655172413,45,0.3132159760455906,0.16894561377319997,2.658780627440878,7.266989483319434,0.3448275862068966
103,connectance_null,19,56,0.15512465373961218,5,0.9259719057279245,2.0,0.05263157894736842,0.10526315789473684,0.8421052631578947,0.9444444444444444,0.0,0.8947368421052632,0.0,2.9473684210526314,0.4151332327181594,0.4990779480060615,10.026060643921744,4.739130434782608,1.7892962380969741,3.1354942159291497,1.7218045112781954,0.6387101692255329,0.2520775623268698,0.04986149584487535,0.10803324099722991,0.09418282548476455,0.8262433864976744,0.05263157894736842,0.8421052631578947,0.5680443644332963,0.43105263157894735,46,0.2814061669324827,0.31528822055137845,2.694338722795369,7.374946304576633,0.10526315789473684
103,degree_null,19,47,0.13019390581717452,6,0.9127109432141793,2.0,0.21052631578947367,0.2631578947368421,0.5263157894736842,0.9333333333333333,0.10526315789473684,0.631578947368421,0.0,2.473684210526316,0.7666466560394941,0.8346827764226822,2.9955570745044433,3.1379310344827585,1.8655550290737777,3.367295829986474,1.3733333333333333,0.8572763793573774,0.1523545706371191,0.038781163434903045,0.1523545706371191,0.13019390581717452,0.8391642068512372,0.05263157894736842,0.2631578947368421,0.6006097455176402,0.44473684210526315,24,0.3732513100934154,0.20025062656641604,1.0964810998463264,1.6844069293659176,0.2631578947368421
1280,connectance_null,14,70,0.35714285714285715,4,0.8829022943247081,1.0,0.0,0.0,1.0,1.0,0.0,1.0,0.0,5.0,0.3922322702763681,0.35948681370916685,5.6974132030013645e17,NaN,NaN,0.0,1.6711409395973154,0.3843075691322092,0.25510204081632654,0.1836734693877551,0.1326530612244898,0.1326530612244898,1.1088105905030912,0.07142857142857142,1.0,0.5894021910629053,0.5257142857142857,31,0.4133087209242672,0.6172902494331065,160.52254216290953,18904.615384615383,0.07142857142857142
1280,degree_null,14,69,0.3520408163265306,3,0.8471567057721808,2.0,0.2857142857142857,0.14285714285714285,0.5714285714285714,1.2,0.07142857142857142,0.6428571428571429,0.0,4.928571428571429,0.7775757901002366,0.6680466547066775,2.354180946710628,4.110132158590308,1.5201401542790438,5.424950017481403,1.2142857142857142,0.5894389883383119,0.0663265306122449,0.4489795918367347,0.2602040816326531,0.33163265306122447,1.187437409967219,0.07142857142857142,0.5,0.642857142857143,0.5621428571428569,9,0.6719399647971078,0.7260616367759225,0.9166444580351306,0.8695750116712777,0.2857142857142857
2463,connectance_null,50,233,0.0932,6,0.9336762586685257,1.0,0.0,0.0,1.0,1.0,0.0,0.62,0.0,4.66,0.42391882253560753,0.4126854015849084,5.0046158740842264e16,NaN,NaN,0.0,2.5081240768094535,0.5758767774015003,0.3056,0.0276,0.152,0.154,0.6459610322069769,0.02,1.0,0.5971682286394975,0.45039999999999997,638,0.2045164350269613,0.16410101010101008,11.438286321028047,92.73469387755102,0.02
2463,degree_null,50,239,0.0956,6,0.928605693188646,4.0,0.52,0.08,0.4,1.9166666666666667,0.04,0.44,0.0,4.78,1.3619099626020512,0.9923825489276477,1.7002111349859599,3.1940298507462686,1.3005355284483266,4.897839799950911,1.5691964285714286,1.5098771934342563,0.134,0.1404,0.2448,0.4216,0.9232522948839109,0.02,0.38,0.76,0.48200000000000004,240,0.36171674975003887,0.3676343763399222,0.7022211148639453,0.5613995821797222,0.52
2464,connectance_null,50,269,0.1076,5,0.9372411946716968,1.0,0.0,0.0,1.0,1.0,0.0,0.84,0.0,5.38,0.45201608385512393,0.3398209249969193,3.355955022865915e18,NaN,NaN,0.0,2.4669312169312168,0.5872559085195576,0.3584,0.0464,0.1584,0.184,0.6940193731051921,0.020000000000000004,1.0,0.5907482311485223,0.4814,789,0.1953232989011787,0.21266810966810965,386.91614979788784,224694.85714285713,0.02
2464,degree_null,50,219,0.0876,8,0.9406037554095225,4.0,0.56,0.06,0.38,2.1363636363636362,0.02,0.42,0.0,4.38,1.434271542437423,0.915440927395414,1.6062260729751165,4.617699115044248,1.7732363172931298,6.336825731146441,1.713302752293578,1.426589277401082,0.1032,0.084,0.212,0.43,0.8443625257620381,0.02,0.34,0.78,0.51,230,0.4185236042117049,0.30179198567743454,0.6141340882693619,0.4900070819138182,0.56
924,connectance_null,15,18,0.08,7,0.9678169061730051,1.0,0.13333333333333333,0.3333333333333333,0.5333333333333333,0.7692307692307693,0.13333333333333333,0.3333333333333333,0.0,1.2,0.5634361698190111,1.0059347702036956,4.966666666666667,2.125,1.3562026818605375,2.0794415416798357,1.696969696969697,0.8213423005076352,0.05333333333333334,0.0,0.05333333333333334,0.022222222222222223,0.6684541950211892,0.06666666666666667,0.2,0.5061234848484849,0.284,0,0.27666666666666667,0.06666666666666667,1.6269784336399213,11.195238095238095,0.3333333333333333
924,degree_null,15,23,0.10222222222222223,5,0.9143774177783963,2.0,0.3333333333333333,0.3333333333333333,0.3333333333333333,1.0,0.06666666666666667,0.4666666666666667,0.0,1.5333333333333334,0.9818773730988012,1.1526718717676567,2.7599999999999993,2.5789473684210527,1.6437014284732225,2.9444389791664403,1.3235294117647058,1.243942926689534,0.057777777777777775,0.008888888888888889,0.10222222222222223,0.07111111111111111,0.8143795386827116,0.06666666666666667,0.26666666666666666,0.5763201058201058,0.3586666666666666,4,0.3761111111111111,0.1511111111111111,1.5238839267549946,2.1203492063492058,0.4
1102,connectance_null,23,126,0.2381852551984877,4,0.9166863483457703,1.0,0.0,0.0,1.0,1.0,0.0,1.0,0.0,5.478260869565218,0.40395471674361366,0.3107055547878682,5.174532362137727e16,NaN,NaN,0.0,1.762917933130699,0.42087988728475956,0.43856332703213613,0.15311909262759923,0.24196597353497165,0.2551984877126654,0.9687405077155259,0.043478260869565216,1.0,0.5909475872919725,0.4934782608695653,142,0.3153003668220181,0.44589999372608075,10.797671706702063,61.09090909090909,0.043478260869565216
1102,degree_null,23,116,0.21928166351606806,5,0.856963701400883,3.0,0.34782608695652173,0.17391304347826086,0.4782608695652174,1.2666666666666666,0.08695652173913043,0.5652173913043478,0.0,5.043478260869565,0.8856645450192658,0.9886325585107374,1.8587750643137295,3.366336633663366,1.5974031929168198,5.308267697401205,1.1492537313432836,0.6918069878530647,0.07750472589792061,0.2514177693761815,0.6578449905482041,0.5425330812854442,1.0200402879409123,0.043478260869565216,0.34782608695652173,0.673913043478261,0.51,21,0.6645714792453924,0.3925980385059668,0.5743337101183401,0.4287198443363982,0.34782608695652173
890,connectance_null,14,24,0.12244897959183673,7,0.9443119590454164,3.0,0.21428571428571427,0.21428571428571427,0.5714285714285714,1.0,0.14285714285714285,0.5,0.0,1.7142857142857142,0.738877642739426,0.738877642739426,3.6178231292517,2.2222222222222223,1.092906420717,2.1972245773362196,1.5869565217391304,1.0158992479824374,0.09183673469387756,0.00510204081632653,0.05612244897959184,0.04591836734693878,0.8192731946233007,0.07142857142857142,0.5,0.6015541383219956,0.4392857142857143,8,0.2575963718820861,0.1261904761904762,1.446385657416201,4.164767127656922,0.21428571428571427
890,degree_null,14,27,0.1377551020408163,3,0.9350565771571282,2.0,0.2857142857142857,0.42857142857142855,0.2857142857142857,0.8,0.0,0.5,0.0,1.9285714285714286,0.9422492784016964,1.04625532532041,0.5331374905088716,1.3846153846153846,0.9607689228305227,2.5649493574615367,1.2352941176470589,1.111301028403518,0.08163265306122448,0.07653061224489796,0.12244897959183673,0.09693877551020408,0.9660010251307928,0.07142857142857142,0.21428571428571427,0.5139030612244898,0.3264285714285714,5,0.37599206349206354,0.3316326530612245,0.9216389378492915,0.9693815299881666,0.42857142857142855
1115,connectance_null,26,60,0.08875739644970414,10,0.9405006466925455,1.0,0.07692307692307693,0.038461538461538464,0.8846153846153846,1.0416666666666667,0.038461538461538464,0.7307692307692307,0.0,2.3076923076923075,0.5848456586523016,0.4379751388175158,9.144044337107744,5.0,1.7888543819998317,1.791759469228055,1.6470588235294117,0.5491812087098392,0.1242603550295858,0.0029585798816568047,0.05473372781065089,0.07100591715976332,0.6322778789052609,0.038461538461538464,0.8461538461538461,0.5535639811825138,0.36192307692307696,37,0.24588189588189588,0.10769230769230768,3.3777415664954478,15.869257344255773,0.07692307692307693
1115,degree_null,26,72,0.10650887573964497,6,0.9141991436128111,2.0,0.38461538461538464,0.23076923076923078,0.38461538461538464,1.25,0.07692307692307693,0.5384615384615384,0.0,2.769230769230769,1.017834787340749,1.033094357073585,1.9966476171896999,3.8156028368794326,1.5973318685475504,4.948759890378168,1.3137254901960784,1.1565967531437722,0.09171597633136094,0.04881656804733728,0.17751479289940827,0.16715976331360946,0.8525200440245406,0.03846153846153847,0.3076923076923077,0.6737564102564103,0.47884615384615387,49,0.35384529999914616,0.2524642024642025,0.7534236480244422,0.7427580798905312,0.38461538461538464
1454,connectance_null,31,116,0.12070759625390219,6,0.9238587602445792,3.0,0.03225806451612903,0.03225806451612903,0.9354838709677419,1.0,0.0,0.9032258064516129,0.0,3.7419354838709675,0.44700859777452157,0.4362273403959431,28.168741649093796,5.333333333333333,1.3662601021279464,1.791759469228055,2.0621890547263684,0.5557548526130323,0.2976066597294485,0.04162330905306972,0.14464099895941726,0.14568158168574402,0.7467849477074844,0.032258064516129024,0.9354838709677419,0.5823245969748109,0.44935483870967746,175,0.23870928249486123,0.20660056789089046,5.674297829935514,33.29356034143506,0.03225806451612903
1454,degree_null,31,106,0.11030176899063475,6,0.9243789835898839,2.0,0.0967741935483871,0.4838709677419355,0.41935483870967744,0.5714285714285714,0.12903225806451613,0.6451612903225806,0.0,3.4193548387096775,0.8089698277879533,1.224056755250169,3.586227068081907,3.545,1.5876327942717852,5.298317366548036,1.3860759493670887,1.081408089279672,0.09053069719042664,0.06555671175858481,0.31321540062434966,0.17065556711758584,0.8303150494739792,0.03225806451612903,0.16129032258064516,0.5382344626362158,0.38935483870967735,55,0.3995794317426196,0.24247741505806022,1.361820089262806,1.6131894381782008,0.4838709677419355
1456,connectance_null,47,147,0.06654594839293798,8,0.9399974421246351,1.0,0.02127659574468085,0.0851063829787234,0.8936170212765957,0.9347826086956522,0.0,0.851063829787234,0.0,3.127659574468085,0.5147563842956651,0.6311198756276895,36.28192233569334,4.384615384615385,1.757766648262388,2.5649493574615367,2.008403361344538,0.8549828890116159,0.14305115436849253,0.007243096423721141,0.07741059302851969,0.06880941602535083,0.5905261446993061,0.021276595744680847,0.8936170212765957,0.5694064215334547,0.38510638297872346,317,0.21114505714005086,0.13056010183669758,6.089282962509871,44.99549484659618,0.0851063829787234
1456,degree_null,47,139,0.06292440018107741,5,0.9017886086192861,2.0,0.2978723404255319,0.3617021276595745,0.3404255319148936,0.9090909090909091,0.23404255319148937,0.425531914893617,0.0,2.9574468085106385,1.1669726956291226,1.3922837323133141,2.147429258937618,3.6187683284457477,1.9466712785569802,5.831882477283517,1.2637362637362637,1.4273185167207718,0.03847894975101856,0.02489814395654142,0.20823902218198279,0.15889542779538252,0.7334043957397726,0.021276595744680847,0.0425531914893617,0.5915268102264929,0.37191489361702124,111,0.3443581588763066,0.15577082491976105,0.8110429783380775,0.8352292844737764,0.3829787234042553
1457,connectance_null,56,138,0.04400510204081633,9,0.9525289725001922,1.0,0.08928571428571429,0.10714285714285714,0.8035714285714286,0.9803921568627451,0.017857142857142856,0.7142857142857143,0.0,2.4642857142857144,0.6041994680509931,0.7257646046259311,7.413378474288445,4.567164179104478,1.6443095686291256,4.204692619390966,2.381489841986456,0.8851998068992466,0.08482142857142858,0.00510204081632653,0.05197704081632653,0.04368622448979592,0.4976172197484782,0.017857142857142856,0.75,0.5486479273923652,0.37428571428571433,239,0.21702059320231576,0.08177437641723358,2.3867750632255,8.323538179819804,0.17857142857142858
1457,degree_null,56,152,0.04846938775510204,7,0.9220780727467882,2.0,0.3392857142857143,0.32142857142857145,0.3392857142857143,1.027027027027027,0.10714285714285714,0.5,0.0,2.7142857142857144,1.3043908182360702,1.1580687124627764,2.2162726456779573,4.322456813819578,2.0883501287261668,6.255750041753367,1.6099290780141844,1.5147391363602365,0.04974489795918367,0.01881377551020408,0.10140306122448979,0.12691326530612246,0.6808688426637823,0.017857142857142856,0.125,0.6209892631294942,0.39428571428571424,191,0.29743804525085177,0.1487507707045522,0.9367545891927527,0.9752395899213786,0.39285714285714285
1455,connectance_null,17,42,0.1453287197231834,7,0.9437951438914512,1.0,0.058823529411764705,0.058823529411764705,0.8823529411764706,1.0,0.0,0.7647058823529411,0.0,2.4705882352941178,0.5183016701836805,0.5183016701836805,127.75328431372517,3.3333333333333335,0.5773502691896258,1.0986122886681098,1.5903614457831325,0.7362688617174393,0.1695501730103806,0.02768166089965398,0.07612456747404844,0.0657439446366782,0.8287018609389998,0.058823529411764705,0.8823529411764706,0.5951078643578643,0.3982352941176471,25,0.22153891859774213,0.30630252100840333,21.363226625052008,1500.5789019887582,0.11764705882352941
1455,degree_null,17,29,0.10034602076124567,4,0.8486754163415252,4.0,0.47058823529411764,0.5294117647058824,0.0,0.8888888888888888,0.0,0.47058823529411764,0.0,1.7058823529411764,1.1495617735058112,1.54769592087588,2.7968627450980392,2.8085106382978724,1.5271214449064168,3.8501476017100584,1.4444444444444444,1.9114617673368433,0.01730103806228374,0.05190311418685121,0.11764705882352941,0.058823529411764705,1.0649611200649403,0.058823529411764705,0.23529411764705882,0.5932615546218487,0.4105882352941176,2,0.3879551820728292,0.30392156862745096,1.6450701297885142,3.33383167211329,0.5294117647058824
1468,connectance_null,8,24,0.375,4,0.9102266401677507,1.0,0.0,0.0,1.0,1.0,0.0,0.5,0.0,3.0,0.4364357804719847,0.4364357804719847,1.3445686598342274e17,NaN,NaN,0.0,1.6304347826086956,0.6666666666666666,0.03125,0.046875,0.078125,0.0625,1.1786221599072215,0.125,1.0,0.578797619047619,0.54,5,0.39471049783549783,0.8291666666666667,8.58714914478505,512.0,0.125
1468,degree_null,8,20,0.3125,3,0.8762452030518185,2.0,0.25,0.125,0.625,1.1666666666666667,0.0,0.625,0.0,2.5,0.855235974119758,0.6761234037828132,3.584635416666666,3.5,1.1019463300386794,3.091042453358316,1.2592592592592593,0.6761234037828132,0.0625,0.171875,0.0625,0.1875,1.132593275097053,0.125,0.375,0.61125,0.54125,1,0.47881944444444435,0.7113095238095238,1.7997509878927838,2.810157412574403,0.25
1469,connectance_null,6,4,0.1111111111111111,3,0.9870558585867127,3.0,0.5,0.3333333333333333,0.16666666666666666,1.3333333333333333,0.16666666666666666,0.16666666666666666,0.0,0.6666666666666666,1.2247448713915892,0.7745966692414835,1.8333333333333333,1.6666666666666667,1.5275252316519468,1.0986122886681098,1.2,1.5491933384829666,0.08333333333333333,0.0,0.0,0.027777777777777776,0.923879532511287,0.16666666666666666,0.0,0.6383333333333333,0.4333333333333333,0,0.16666666666666666,0.0,0.408248290463863,1.0666666666666669,0.5
1469,degree_null,6,7,0.19444444444444445,1,0.793178670674015,2.0,0.5,0.5,0.0,1.0,0.5,0.0,0.0,1.1666666666666667,1.261680123761121,1.1392801164215363,1.5,1.0,0.0,1.9459101490553132,1.0,0.6998542122237651,0.0,0.0,0.1388888888888889,0.16666666666666666,0.9541100058819975,0.16666666666666666,0.0,0.75,0.6066666666666667,0,0.8333333333333334,0.0,1.199177923332954e-16,0.29999999999999993,0.5
1475,connectance_null,16,33,0.12890625,9,0.9448333950567106,2.0,0.0625,0.0,0.9375,1.0666666666666667,0.0,0.6875,0.0,2.0625,0.5728261365154677,0.544780728587739,11.996950261780102,NaN,NaN,0.0,1.6129032258064515,0.7053948393630769,0.13671875,0.0078125,0.0625,0.0703125,0.7569241665860782,0.0625,0.9375,0.5453935586982461,0.3925,10,0.261359126984127,0.16041666666666668,3.6606420636240484,13.789005725171997,0.1875
1475,degree_null,16,40,0.15625,5,0.9316820204212861,2.0,0.375,0.0625,0.5625,1.5,0.0625,0.5,0.0,2.5,1.001332445627658,0.6850790708621401,2.0291412520064203,1.0,0.0,1.6094379124341003,1.2641509433962264,0.7447594690010103,0.1171875,0.06640625,0.125,0.20703125,0.8801753470048538,0.0625,0.375,0.6758680555555556,0.50625,21,0.3377795815295815,0.309077380952381,0.8097685662745515,0.7624550877824793,0.375
1493,connectance_null,9,16,0.19753086419753085,4,0.9246664731442282,2.0,0.1111111111111111,0.2222222222222222,0.6666666666666666,0.875,0.2222222222222222,0.5555555555555556,0.0,1.7777777777777777,0.6147598616533126,1.0811777432503873,2.6604938271604937,3.1666666666666665,1.403458930534474,2.4849066497880004,1.3043478260869565,0.8489423567003828,0.14814814814814814,0.07407407407407407,0.18518518518518517,0.06172839506172839,0.9936557550365368,0.1111111111111111,0.0,0.5597989417989419,0.3922222222222222,3,0.3802469135802469,0.46666666666666656,0.7260581890090907,0.6670096021947872,0.3333333333333333
1493,degree_null,9,10,0.12345679012345678,2,0.9276741678481849,2.0,0.3333333333333333,0.3333333333333333,0.3333333333333333,1.0,0.2222222222222222,0.3333333333333333,0.0,1.1111111111111112,0.9486832980505138,0.9486832980505137,1.9722222222222223,1.875,0.8345229603962802,2.0794415416798357,1.2857142857142858,0.874642784226795,0.06172839506172839,0.012345679012345678,0.04938271604938271,0.04938271604938271,0.8843111526367536,0.1111111111111111,0.0,0.6123333333333334,0.3866666666666667,0,0.3111111111111111,0.16666666666666666,0.5892556509887896,0.6319444444444444,0.3333333333333333
1511,connectance_null,17,29,0.10034602076124567,5,0.9364527223394751,1.0,0.11764705882352941,0.17647058823529413,0.7058823529411765,0.9333333333333333,0.058823529411764705,0.5882352941176471,0.0,1.7058823529411764,0.5775218698084216,0.7404765955687038,0.5154509589946639,3.1666666666666665,2.0412414523193148,1.791759469228055,1.5576923076923077,0.7489588492749474,0.10726643598615918,0.01384083044982699,0.05190311418685121,0.04152249134948097,0.7248598588112802,0.05882352941176472,0.35294117647058826,0.53153841991342,0.3305882352941176,5,0.27703081232493,0.22156862745098038,0.9942183466746847,1.6053732236387535,0.17647058823529413
1511,degree_null,17,29,0.10034602076124567,6,0.922027334724143,3.0,0.35294117647058826,0.29411764705882354,0.35294117647058826,1.0909090909090908,0.058823529411764705,0.4117647058823529,0.0,1.7058823529411764,1.0920750084215942,0.9888648772916462,2.8747144488863503,3.942857142857143,1.9843928860108373,3.5553480614894135,1.75,1.3599940546837945,0.06228373702422145,0.020761245674740483,0.08304498269896193,0.08650519031141868,0.8996302779378108,0.058823529411764705,0.35294117647058826,0.5751978291316525,0.3299999999999999,8,0.27387955182072826,0.1431372549019608,1.4653409203893222,2.4894826049469643,0.4117647058823529
1518,connectance_null,17,31,0.10726643598615918,7,0.9416096207970871,3.0,0.11764705882352941,0.11764705882352941,0.7647058823529411,1.0,0.0,0.6470588235294118,0.0,1.8235294117647058,0.5563931713116239,0.7315187400289398,16.66641528406233,4.0,2.309401076758503,2.302585092994046,1.3958333333333333,0.8872433896435528,0.09342560553633218,0.0034602076124567475,0.04498269896193772,0.04498269896193772,0.716882563077343,0.058823529411764705,0.47058823529411764,0.5623063284754461,0.38176470588235295,8,0.24080723198370263,0.10980392156862744,6.214034659656011,48.75108999604658,0.17647058823529413
1518,degree_null,17,44,0.1522491349480969,4,0.9109526145485011,2.0,0.5294117647058824,0.17647058823529413,0.29411764705882354,1.75,0.0,0.47058823529411764,0.0,2.588235294117647,1.3664034425339373,0.7105681000392491,2.055445367790024,4.2388059701492535,1.7693255351368773,4.897839799950911,1.263157894736842,1.3118972445147101,0.07958477508650519,0.06228373702422145,0.09342560553633218,0.34256055363321797,0.972820486972857,0.05882352941176472,0.35294117647058826,0.7569747899159665,0.5011764705882353,10,0.5054621848739496,0.3850734233087174,1.2264351748049445,1.4524540285083907,0.5294117647058824
1520,connectance_null,22,42,0.08677685950413223,9,0.9636979737404504,3.0,0.09090909090909091,0.09090909090909091,0.8181818181818182,1.0,0.0,0.6363636363636364,0.0,1.9090909090909092,0.5578507819040538,0.5578507819040538,18.66467699332351,6.866666666666666,2.9244454093692624,2.70805020110221,2.2131147540983607,0.7859032274714268,0.14049586776859505,0.012396694214876033,0.05165289256198347,0.05165289256198347,0.7011880409305514,0.045454545454545456,0.8181818181818182,0.5688650490923218,0.32,14,0.21697330447330446,0.11363636363636363,4.220731281079601,43.032805925677366,0.18181818181818182
1520,degree_null,22,55,0.11363636363636363,3,0.8829753210111654,3.0,0.36363636363636365,0.3181818181818182,0.3181818181818182,1.0714285714285714,0.13636363636363635,0.45454545454545453,0.0,2.5,1.067261738772462,1.1759494644146673,2.007088744588745,2.2181818181818183,0.9942596182849772,4.007333185232471,1.1428571428571428,1.190438094628552,0.047520661157024795,0.06611570247933884,0.20041322314049587,0.16115702479338842,0.896310221373852,0.04545454545454545,0.09090909090909091,0.6190530303030303,0.40227272727272734,16,0.38409090909090904,0.32254689754689747,0.6518353709350615,0.7333204101947016,0.4090909090909091
1591,connectance_null,7,9,0.1836734693877551,3,0.9284645998729696,1.0,0.14285714285714285,0.2857142857142857,0.5714285714285714,0.8333333333333334,0.0,0.42857142857142855,0.0,1.2857142857142858,0.5879447357921312,1.073435314532551,0.23265306122448973,1.0,NaN,0.0,1.25,1.4098419489388354,0.08163265306122448,0.0,0.061224489795918366,0.02040816326530612,1.0012866963002465,0.14285714285714285,0.5714285714285714,0.5540952380952381,0.3614285714285713,0,0.3261904761904762,0.4095238095238095,0.6840754225035931,0.4920894071914481,0.2857142857142857
1591,degree_null,7,5,0.10204081632653061,2,0.935024437829149,2.0,0.42857142857142855,0.5714285714285714,0.0,0.75,0.42857142857142855,0.14285714285714285,0.0,0.7142857142857143,1.058300524425836,1.5577761927397231,1.6428571428571428,1.0,0.7071067811865476,1.6094379124341003,1.0,1.3662601021279464,0.02040816326530612,0.0,0.061224489795918366,0.02040816326530612,0.8506508083520397,0.14285714285714285,0.0,0.7142857142857142,0.3585714285714285,0,0.42857142857142855,0.0,0.3535533905932738,0.39285714285714285,0.5714285714285714
1596,connectance_null,24,108,0.1875,4,0.9168660080133355,1.0,0.0,0.0,1.0,1.0,0.0,0.9166666666666666,0.0,4.5,0.42970736150603067,0.42970736150603067,-1.3327268202354938e17,NaN,NaN,0.0,2.0649717514124295,0.5637082954904278,0.3142361111111111,0.0642361111111111,0.16666666666666666,0.1701388888888889,0.8652895269813327,0.04166666666666666,1.0,0.5969180480753623,0.4958333333333334,117,0.2694669607353431,0.3209505772005772,48.38520867101602,1602.7826086956522,0.041666666666666664
1596,degree_null,24,101,0.1753472222222222,4,0.8949450599372122,3.0,0.3333333333333333,0.125,0.5416666666666666,1.3125,0.20833333333333334,0.4583333333333333,0.0,4.208333333333333,1.1640700008755707,0.6828968747084403,2.0771721073794214,3.2598425196850394,1.1423492809841609,4.844187086458591,1.4972375690607735,1.155470498719629,0.1736111111111111,0.13541666666666666,0.21006944444444445,0.4444444444444444,0.990326609207401,0.04166666666666666,0.375,0.6666666666666669,0.48291666666666666,39,0.5084831810489705,0.47601864366570235,0.7596614669798342,0.7681813556194591,0.4166666666666667
1678,connectance_null,24,61,0.10590277777777778,6,0.9460642559476614,2.0,0.041666666666666664,0.08333333333333333,0.875,0.9565217391304348,0.0,0.7083333333333334,0.0,2.5416666666666665,0.5561598381619143,0.6457543673978898,0.12659715936306812,3.6666666666666665,2.5166114784235836,1.0986122886681098,2.0113636363636362,0.6451026386861114,0.1736111111111111,0.019097222222222224,0.09895833333333333,0.10243055555555555,0.7054360053081583,0.041666666666666664,0.875,0.5654460922401615,0.3775,51,0.24965879028379026,0.1809523809523809,2.6009057025366524,5.565328255985744,0.125
1678,degree_null,24,80,0.1388888888888889,1,0.8660863007535762,2.0,0.6666666666666666,0.3333333333333333,0.0,2.0,0.3333333333333333,0.0,0.0,3.3333333333333335,1.5491933384829664,0.8140077982747917,1.3333333333333333,1.0,0.0,4.382026634673881,1.0,0.9877510687987351,0.0,0.0,0.3090277777777778,0.6944444444444444,0.8623673155292765,0.041666666666666664,0.0,0.8333333333333333,0.54125,13,0.7289744977244977,0.0,5.729537310846375e-16,0.23188405797101433,0.6666666666666666
1443,connectance_null,19,17,0.04709141274238227,4,0.9742391839100947,2.0,0.3157894736842105,0.42105263157894735,0.2631578947368421,0.8461538461538461,0.21052631578947367,0.15789473684210525,0.0,0.8947368421052632,0.9045147133075133,0.9782329163346213,1.8448753462603893,1.8333333333333333,1.1146408580454257,2.4849066497880004,1.2608695652173914,1.1530345433716986,0.024930747922437674,0.0,0.013850415512465374,0.013850415512465374,0.5849362703994465,0.05263157894736842,0.10526315789473684,0.5466022157666894,0.2889473684210526,0,0.2587719298245614,0.0,0.4560987964321904,1.6091023958788955,0.42105263157894735
1443,degree_null,19,20,0.055401662049861494,1,0.7894385203267943,2.0,0.8947368421052632,0.05263157894736842,0.05263157894736842,9.0,0.05263157894736842,0.05263157894736842,0.0,1.0526315789473684,3.923009049186606,0.38441875315569324,1.1081871345029242,1.105263157894737,0.3153017676423058,2.9444389791664403,1.0,3.691506768546176,0.0,0.00554016620498615,0.0,0.42105263157894735,0.9838565546477183,0.05263157894736842,0.0,0.9473684210526317,0.5152631578947369,0,0.917820867959372,0.14103887168902648,0.22295201801997955,0.10510071474983754,0.8947368421052632
FW_002,connectance_null,14,30,0.15306122448979592,7,0.936298002583465,5.0,0.14285714285714285,0.0,0.8571428571428571,1.1666666666666667,0.0,0.6428571428571429,0.0,2.142857142857143,0.6813761841108803,0.3594868137091668,7.477683397683397,NaN,NaN,0.0,2.1447368421052633,0.6707566845843058,0.17346938775510204,0.015306122448979591,0.05612244897959184,0.08673469387755102,0.81030390993091,0.07142857142857142,0.8571428571428571,0.5628822021232734,0.4064285714285713,7,0.3083333333333333,0.14523809523809522,2.6994721867245772,10.293572868621514,0.14285714285714285
FW_002,degree_null,14,42,0.21428571428571427,3,0.8633459239070851,2.0,0.14285714285714285,0.42857142857142855,0.42857142857142855,0.6666666666666666,0.0,0.6428571428571429,0.0,3.0,0.7510676161988107,1.1398005523534804,4.764037698412698,3.0317460317460316,1.2568297799424264,4.143134726391533,1.125,0.9428090415820632,0.09693877551020408,0.23979591836734693,0.3622448979591837,0.14285714285714285,1.0879607639358255,0.07142857142857142,0.21428571428571427,0.5420941558441559,0.4149999999999999,5,0.5464285714285715,0.5765873015873016,2.0831492127311138,3.2964353468194614,0.42857142857142855
FW_003,connectance_null,28,135,0.17219387755102042,5,0.9123239568238796,1.0,0.0,0.0,1.0,1.0,0.0,0.9642857142857143,0.0,4.821428571428571,0.5386490163271676,0.41502052512491244,2.780568276727114e16,NaN,NaN,0.0,2.188436830835118,0.6539683808052377,0.3762755102040816,0.10204081632653061,0.16709183673469388,0.21428571428571427,0.8713528728283252,0.03571428571428571,1.0,0.6038521890473824,0.4839285714285714,195,0.2576850253044415,0.360045708259994,5.229503409968301,12.444444444444445,0.03571428571428571
FW_003,degree_null,28,115,0.14668367346938777,7,0.8923893683091134,2.0,0.21428571428571427,0.14285714285714285,0.6428571428571429,1.0909090909090908,0.10714285714285714,0.5714285714285714,0.0,4.107142857142857,1.0814611486600207,0.7878159202793548,3.511432941722392,4.626168224299065,1.7403283386046986,4.672828834461906,2.050541516245487,1.1560724612548203,0.17091836734693877,0.13392857142857142,0.19005102040816327,0.35841836734693877,0.9484892238692487,0.03571428571428571,0.5714285714285714,0.5928189872440204,0.43035714285714294,55,0.3760784708927124,0.41872332849223604,1.5741930281245904,2.7233723348085626,0.25
FW_004,connectance_null,32,153,0.1494140625,5,0.9256119554914157,1.0,0.0,0.0,1.0,1.0,0.0,0.875,0.0,4.78125,0.39302735629733093,0.4713840577974711,7.199631249419058e16,NaN,NaN,0.0,2.0755064456721914,0.6055638643887866,0.3173828125,0.0537109375,0.1572265625,0.15625,0.7937075243691099,0.031249999999999997,1.0,0.588642795327713,0.4675,237,0.23189551300522665,0.2638335622710623,22.529787643680752,350.96774193548384,0.03125
FW_004,degree_null,32,130,0.126953125,6,0.9074656938847347,2.0,0.125,0.21875,0.65625,0.8928571428571429,0.125,0.5625,0.0,4.0625,1.025336596672735,0.9624045727019116,4.029700302160741,4.094262295081967,1.3115064417172222,6.1903154058531475,1.8327272727272728,1.1319106003465744,0.166015625,0.0966796875,0.2841796875,0.3291015625,0.8817150088295845,0.031249999999999993,0.375,0.5532281982110715,0.4065625,79,0.38029006583694086,0.3911928553472671,1.610812981269981,2.6233030084740743,0.28125
FW_005,connectance_null,44,396,0.20454545454545456,4,0.9269970838554796,1.0,0.0,0.0,1.0,1.0,0.0,1.0,0.0,9.0,0.21566554640687682,0.348904194927509,-6.458379133660554e16,NaN,NaN,0.0,1.9345859429366736,0.35703825218430757,0.6973140495867769,0.17665289256198347,0.3972107438016529,0.3434917355371901,0.880354589912396,0.022727272727272728,1.0,0.5653634172577814,0.5211363636363635,779,0.2584244820633324,0.3608355210399257,10.054712874613669,64.0,0.022727272727272728
FW_005,degree_null,44,395,0.2040289256198347,5,0.8812531996704096,3.0,0.1590909090909091,0.13636363636363635,0.7045454545454546,1.027027027027027,0.045454545454545456,0.7727272727272727,0.0,8.977272727272727,0.8749598362603673,0.7480105313154144,4.164050638957691,5.1126331811263315,1.5944191658780589,6.48768401848461,1.6921348314606741,1.0396806704600263,0.36260330578512395,0.40857438016528924,0.5098140495867769,0.625,1.0372184145870553,0.022727272727272724,0.6590909090909091,0.5786196683218742,0.48840909090909096,285,0.421269492793839,0.5347013479820825,1.6419580191811858,2.453091785013626,0.1590909090909091
FW_006,connectance_null,30,216,0.24,4,0.919684948504119,1.0,0.0,0.0,1.0,1.0,0.0,0.9333333333333333,0.0,7.2,0.33309378365572867,0.3310907962602431,-5.5494515599375085e17,NaN,NaN,0.0,1.8597560975609757,0.46509725153393333,0.5088888888888888,0.17888888888888888,0.2677777777777778,0.23777777777777778,0.9536623728378194,0.03333333333333333,1.0,0.572238629100368,0.5263333333333332,296,0.2749207997450751,0.43541113026407147,42.301277818546176,1271.1724137931035,0.03333333333333333
FW_006,degree_null,30,216,0.24,6,0.8912032987788927,2.0,0.16666666666666666,0.1,0.7333333333333333,1.08,0.0,0.7666666666666667,0.0,7.2,0.823214426706168,0.5607990103528816,4.138970637128969,5.369674185463659,1.900916412189993,6.682108597449809,1.7763975155279503,0.6848960419913828,0.35555555555555557,0.4077777777777778,0.37333333333333335,0.6466666666666666,1.0426283641992478,0.03333333333333334,0.7333333333333333,0.5822771888136018,0.4906666666666667,140,0.4480366926827254,0.4900090601406391,1.5963402922685237,2.377541553589409,0.16666666666666666
FW_007,connectance_null,48,235,0.10199652777777778,6,0.9299976681370623,2.0,0.020833333333333332,0.020833333333333332,0.9583333333333334,1.0,0.0,0.9791666666666666,0.0,4.895833333333333,0.4600972832255108,0.4677508168837694,22.32249692277979,7.073170731707317,1.75200233878895,3.713572066704308,2.1857142857142855,0.619190703906358,0.3177083333333333,0.04904513888888889,0.1640625,0.16015625,0.6888398975314428,0.020833333333333332,0.9583333333333334,0.5657741659495589,0.47770833333333335,633,0.22099043465106774,0.21725080475080472,4.136750495382651,14.490516877900177,0.020833333333333332
FW_007,degree_null,48,223,0.09678819444444445,6,0.9079469705786063,3.0,0.2916666666666667,0.1875,0.5208333333333334,1.1470588235294117,0.0625,0.6041666666666666,0.0,4.645833333333333,1.0586775383092686,0.8010709639982075,3.1147634155381083,5.87434554973822,2.529874951849403,6.35088571671474,1.8987566607460036,1.1805906849796832,0.18229166666666666,0.07421875,0.203125,0.2894965277777778,0.808731503968856,0.02083333333333334,0.4791666666666667,0.6125425133478135,0.42333333333333334,270,0.28734211092410383,0.2597035056303632,1.562681988641001,2.3974990877350177,0.2916666666666667
FW_009,connectance_null,40,228,0.1425,5,0.9268270126529697,1.0,0.0,0.0,1.0,1.0,0.0,0.95,0.0,5.7,0.44807570244420264,0.41516349355085025,-1.269125477365384e17,NaN,NaN,0.0,2.0508054522924413,0.5176982317404544,0.4375,0.094375,0.2375,0.23625,0.7787754504064291,0.025,1.0,0.5954648283208526,0.48550000000000004,476,0.23570038452483938,0.28982052669552666,47.10545481746837,1588.5128205128206,0.025
FW_009,degree_null,40,219,0.136875,8,0.897234409989043,4.0,0.175,0.1,0.725,1.0909090909090908,0.025,0.675,0.0,5.475,1.0332050392714918,0.8209936393234124,4.586501838945648,7.307038834951456,2.705616990005925,7.4073177104694174,1.9696969696969697,0.9934995154932064,0.185,0.181875,0.32625,0.46875,0.9050825894304422,0.025,0.7,0.5796775067177421,0.45500000000000007,204,0.3696958861121367,0.3687000267721091,2.148163470015303,4.235243224406127,0.175
FW_010,connectance_null,39,248,0.16305062458908612,4,0.9324883443950329,1.0,0.0,0.0,1.0,1.0,0.0,0.9487179487179487,0.0,6.358974358974359,0.3256722605192245,0.35803540582810595,2.959937518808886e16,NaN,NaN,0.0,2.1866546438232644,0.42219696906005677,0.5272846811308349,0.09533201840894148,0.27416173570019725,0.25509533201840895,0.8102406778889685,0.02564102564102564,1.0,0.5811928582437912,0.4956410256410257,527,0.22991953054939065,0.2775266002641568,7.02492809440909,26.526315789473685,0.02564102564102564
FW_010,degree_null,39,237,0.15581854043392504,6,0.8960987866440786,2.0,0.1794871794871795,0.1282051282051282,0.6923076923076923,1.0625,0.02564102564102564,0.7692307692307693,0.0,6.076923076923077,0.9227126560466442,0.9227126560466441,3.9027574768907756,4.577287066246057,1.790760805431283,5.75890177387728,1.605095541401274,0.9942022368152149,0.2084155161078238,0.21104536489151873,0.46548323471400394,0.4996712689020381,0.9344030586379694,0.02564102564102564,0.6410256410256411,0.5840975259445781,0.4730769230769231,215,0.3823113602100174,0.4090628234358108,1.6170741497654129,2.264446834732298,0.1794871794871795
FW_011,connectance_null,105,324,0.029387755102040815,10,0.9510986305573371,1.0,0.009523809523809525,0.047619047619047616,0.9428571428571428,0.9615384615384616,0.0,0.7047619047619048,0.0,3.085714285714286,0.5809642458846386,0.6261398806600662,6.180910699299838e16,0.0,NaN,0.0,2.3456703910614527,0.8731250355709921,0.08244897959183674,0.0025396825396825397,0.04380952380952381,0.040997732426303855,0.4119352671187031,0.009523809523809525,0.9238095238095239,0.6029548100298482,0.35504761904761906,1438,0.17539256842883552,0.050197315911601606,15.279260333983096,3.7087499931911236e31,0.09523809523809523
FW_011,degree_null,105,358,0.032471655328798185,8,0.9154246713761441,3.0,0.38095238095238093,0.49523809523809526,0.12380952380952381,0.8153846153846154,0.14285714285714285,0.42857142857142855,0.0,3.4095238095238094,1.6474739621257288,1.3754973469035807,2.2240823217458323,4.7637714578529335,1.8138793225730656,8.269500767180615,2.089527027027027,1.9551675927769778,0.04117913832199546,0.01614512471655329,0.12145124716553288,0.16680272108843539,0.6722026890642989,0.009523809523809525,0.17142857142857143,0.6020910821592864,0.3582857142857143,567,0.32634145968607536,0.10656384045167383,1.1273937545916084,1.2714833062549242,0.49523809523809526
FW_012_01,connectance_null,58,145,0.04310344827586207,11,0.9490195482594499,1.0,0.06896551724137931,0.05172413793103448,0.8793103448275862,1.0185185185185186,0.017241379310344827,0.7241379310344828,0.0,2.5,0.5669246058974066,0.5569339625094624,14.322290929995468,6.538461538461538,1.8536173919925967,2.5649493574615367,2.068027210884354,0.7530056731922071,0.08204518430439953,0.0035671819262782403,0.04042806183115339,0.03834720570749108,0.4776188086065065,0.017241379310344827,0.8620689655172413,0.5453921765688726,0.356551724137931,266,0.2169667018804949,0.1092911877394636,4.080006622890244,26.945881788617733,0.08620689655172414
FW_012_01,degree_null,58,127,0.03775267538644471,4,0.9153715552474698,3.0,0.41379310344827586,0.5172413793103449,0.06896551724137931,0.8235294117647058,0.3620689655172414,0.20689655172413793,0.0,2.189655172413793,1.768674876235071,1.3885343515840634,1.704530376021882,2.044776119402985,1.1370950156547455,5.303304908059076,1.2988505747126438,1.9182773133214526,0.01694411414982164,0.009809750297265161,0.09096313912009513,0.13971462544589774,0.7020310752265375,0.017241379310344827,0.0,0.6723267698537098,0.34655172413793095,79,0.3531900832433287,0.08088162119602281,0.4690624783723436,0.4130634332819006,0.5517241379310345
FW_012_02,connectance_null,71,128,0.025391787343780996,14,0.9578894819512971,4.0,0.15492957746478872,0.2112676056338028,0.6338028169014085,0.9333333333333333,0.056338028169014086,0.5211267605633803,0.0,1.8028169014084507,0.7239512407583371,0.7766740991239504,5.0698556933917285,3.717391304347826,1.8216359372615334,3.828641396489095,1.625,1.020551239570697,0.037492560999801625,0.0011902400317397343,0.021225947232691927,0.019440587185082323,0.4076075897047235,0.014084507042253521,0.4507042253521127,0.5427370032509242,0.31873239436619716,170,0.22766040688575884,0.07048960429242121,1.944276622774041,6.621339626961794,0.23943661971830985
FW_012_02,degree_null,71,142,0.028169014084507043,2,0.9091347380295449,3.0,0.4647887323943662,0.5774647887323944,-0.04225352112676056,0.7894736842105263,0.23943661971830985,0.22535211267605634,0.0,2.0,1.9639610121239315,1.5991068935949395,1.7081143426213847,1.5856573705179282,0.6161440303496077,5.5254529391317835,1.420408163265306,2.3283961371357265,0.02082920055544535,0.007934933544931562,0.07716722872445943,0.11327117635389804,0.7121904714217288,0.014084507042253525,0.0,0.6394290320054612,0.3240845070422536,79,0.4812268045863736,0.07570387359119753,0.3737586157081469,0.5356407408048425,0.6197183098591549
FW_013_01,connectance_null,66,170,0.03902662993572085,11,0.949525317731168,5.0,0.06060606060606061,0.07575757575757576,0.8636363636363636,0.9838709677419355,0.0,0.7272727272727273,0.0,2.5757575757575757,0.5820964744464179,0.6131380338900927,64.55482442062048,5.416666666666667,2.968266507678524,2.4849066497880004,2.1129326047358834,0.8859474296012348,0.09618916437098256,0.0039026629935720843,0.04453627180899908,0.04315886134067952,0.4681634067942594,0.015151515151515152,0.8636363636363636,0.5979063555624681,0.33681818181818185,438,0.1902170888133454,0.07157287157287157,8.559512220940768,290.465248030397,0.12121212121212122
FW_013_01,degree_null,66,158,0.03627180899908173,3,0.9017180426577259,3.0,0.5,0.5,0.0,1.0,0.19696969696969696,0.2727272727272727,0.0,2.393939393939394,1.841883071173885,1.330829328404751,1.6454347395523865,1.5342465753424657,0.7247054152700281,5.389071729816501,1.3031674208144797,1.922657467227292,0.014921946740128558,0.009182736455463728,0.09182736455463728,0.16115702479338842,0.7131268282515356,0.015151515151515148,0.0,0.6574470664304335,0.3478787878787879,139,0.3393559330071188,0.0734126984126984,0.4199628464352857,0.499172202919388,0.5151515151515151
FW_013_02,connectance_null,77,230,0.03879237645471412,10,0.9478390517265413,1.0,0.03896103896103896,0.07792207792207792,0.8831168831168831,0.9594594594594594,0.0,0.7792207792207793,0.0,2.987012987012987,0.5524940962538727,0.6391249863557678,49.09175201939941,8.522388059701493,3.0913280903649665,4.204692619390966,2.292787944025834,0.8586546640276939,0.09293304098498904,0.003879237645471412,0.04975543936582898,0.04604486422668241,0.46444304525210356,0.012987012987012988,0.8961038961038961,0.5669152624600081,0.36896103896103893,738,0.1877936420104003,0.07838445825458812,8.39443894659986,124.79810769450334,0.07792207792207792
FW_013_02,degree_null,77,228,0.03845505144206443,3,0.9037692642009921,3.0,0.4935064935064935,0.4935064935064935,0.012987012987012988,1.0,0.22077922077922077,0.2857142857142857,0.0,2.961038961038961,1.8395478939488463,1.3357299438272783,1.5772618283212951,1.4548387096774194,0.6097050640788368,5.736572297479192,1.24,1.8785578416866424,0.012818350480688143,0.008939112835216732,0.12902681733850566,0.2189239332096475,0.7069773898103516,0.012987012987012988,0.0,0.7467532467532467,0.3879220779220779,204,0.40029995206096985,0.07266225900880718,0.3679806787815078,0.3406787406620923,0.5194805194805194
FW_013_03,connectance_null,78,250,0.041091387245233396,9,0.9433523700293605,1.0,0.0641025641025641,0.038461538461538464,0.8974358974358975,1.0273972602739727,0.01282051282051282,0.8205128205128205,0.0,3.2051282051282053,0.593597003527985,0.540069836753941,10.900946052044604,5.0,1.7182493859684491,3.7612001156935624,2.238888888888889,0.6583776992009942,0.1071663379355687,0.005917159763313609,0.05670611439842209,0.0611439842209073,0.45110019456955763,0.01282051282051282,0.8846153846153846,0.5567596202032518,0.3916666666666667,927,0.19436119226843193,0.07917545417545417,3.2398753242039104,12.492527737054436,0.0641025641025641
FW_013_03,degree_null,78,226,0.03714661406969099,8,0.9109848613058191,3.0,0.5,0.38461538461538464,0.11538461538461539,1.2307692307692308,0.1282051282051282,0.3333333333333333,0.0,2.8974358974358974,2.0228718648579522,1.1284649404460574,1.8275161429239684,4.09140625,1.6208921058249266,7.154615356913663,1.489247311827957,2.0432407886081205,0.02333990795529257,0.013971071663379356,0.08497698882314267,0.2353714661406969,0.714600902461908,0.012820512820512818,0.10256410256410256,0.6494151305006568,0.35243589743589737,239,0.3488934935573846,0.11999428956734459,0.8719314209089872,0.8834156160281063,0.5256410256410257
FW_013_04,connectance_null,78,256,0.042077580539119,9,0.9472361153779125,4.0,0.05128205128205128,0.01282051282051282,0.9358974358974359,1.0405405405405406,0.0,0.8589743589743589,0.0,3.282051282051282,0.5421526161632556,0.51943874438867,18.99595602124092,7.3,2.9458068127047605,2.302585092994046,2.5875,0.8077555267343994,0.10749506903353057,0.00410913872452334,0.05161078238001315,0.05309007232084155,0.4725911289568349,0.01282051282051282,0.9358974358974359,0.5715552385435084,0.4064102564102564,961,0.17545667233985868,0.0908686754840601,4.212872016515357,27.693699842721557,0.05128205128205128
FW_013_04,degree_null,78,268,0.0440499671268902,5,0.9069739783455347,3.0,0.4358974358974359,0.4230769230769231,0.14102564102564102,1.0227272727272727,0.14102564102564102,0.38461538461538464,0.0,3.4358974358974357,1.877176390487096,1.159055404562433,1.8733666183435138,2.407986111111111,1.1353017326484571,6.3561076606958915,1.3790523690773067,1.8699949907192845,0.025969756738987507,0.018408941485864562,0.13214990138067062,0.2966798159105851,0.7405927733428957,0.01282051282051282,0.02564102564102564,0.664232207912124,0.38730769230769235,254,0.37606748208855845,0.12481415238036896,0.7728416739032845,0.7128492142021123,0.46153846153846156
FW_013_05,connectance_null,98,614,0.06393169512703041,5,0.948512248715747,1.0,0.0,0.0,1.0,1.0,0.0,0.9795918367346939,0.0,6.26530612244898,0.3213101809171637,0.37487816125481827,1.1956679775331349e17,NaN,NaN,0.0,2.648371262829094,0.3970956518340307,0.30726780508121615,0.0192628071636818,0.1576426488962932,0.15201999167013744,0.5185706344770392,0.010204081632653059,1.0,0.591972239032011,0.4902040816326531,3698,0.15657094833394158,0.11005272905032809,23.38027267921591,403.7938144329897,0.01020408163265306
FW_013_05,degree_null,98,559,0.05820491461890879,7,0.92644205618864,3.0,0.23469387755102042,0.6020408163265306,0.16326530612244897,0.52,0.12244897959183673,0.5714285714285714,0.0,5.704081632653061,1.2302109279351165,1.5717228557288612,2.3720257485718323,3.3519029233314948,1.5471767949142163,7.502738210754851,1.5725026852846402,1.5276878749504244,0.026343190337359434,0.02530195751770096,0.5100999583506872,0.357246980424823,0.7428606269550222,0.01020408163265306,0.04081632653061224,0.5829955001078626,0.3914285714285713,563,0.4023043217399009,0.08250252798541222,0.9171597614100125,0.8010882627121295,0.6020408163265306
FW_014_01,connectance_null,86,372,0.05029745808545159,9,0.945151293667258,5.0,0.023255813953488372,0.0,0.9767441860465116,1.0238095238095237,0.0,0.9186046511627907,0.0,4.325581395348837,0.48290859388157914,0.5192970190031682,103.29194367176291,NaN,NaN,0.0,2.471898197242842,0.6772812927190051,0.1746890210924824,0.010951865873445106,0.09437533802055165,0.08788534342888048,0.5027808046835112,0.011627906976744186,0.9767441860465116,0.5857130986647742,0.4347674418604651,1817,0.16801724900929527,0.09909957613445987,13.143513071738123,287.44885999349236,0.023255813953488372
FW_014_01,degree_null,86,350,0.04732287723093564,7,0.9206842606451807,2.0,0.313953488372093,0.5697674418604651,0.11627906976744186,0.6271186440677966,0.10465116279069768,0.5232558139534884,0.0,4.069767441860465,1.2612592651685812,1.6241173944405527,2.5519713453556707,2.8640776699029127,1.4816842948194346,6.580639137284949,1.5198618307426597,1.7011742854804237,0.03704705246078962,0.027312060573282854,0.29637641968631695,0.19672796106003246,0.7212051172416922,0.01162790697674419,0.11627906976744186,0.5738119890678154,0.37069767441860463,406,0.37098492551125056,0.11688764396442039,1.2908946486507602,1.6078885839108519,0.5697674418604651
FW_014_02,connectance_null,94,551,0.0623585332729742,5,0.9455281542962356,1.0,0.0,0.0,1.0,1.0,0.0,0.8723404255319149,0.0,5.861702127659575,0.3831905293816558,0.3831905293816559,4.105487054264955e16,NaN,NaN,0.0,2.727491574386134,0.5297666816844424,0.28531009506564053,0.019805341783612495,0.14078768673607966,0.14067451335445902,0.5279454615275767,0.010638297872340425,1.0,0.5921970945388596,0.4822340425531915,3108,0.16642097296123426,0.1270764934843388,7.755184969547515,116.3010752688172,0.010638297872340425
FW_014_02,degree_null,94,580,0.06564056133997284,7,0.9140579662486564,4.0,0.32978723404255317,0.574468085106383,0.09574468085106383,0.6349206349206349,0.1595744680851064,0.48936170212765956,0.0,6.170212765957447,1.2923271925396635,1.478074449182888,2.0226067664763625,3.190061475409836,1.4419374446811573,7.5766097669730375,1.5048543689320388,1.4962898468693477,0.03712086917157085,0.03927116342236306,0.5647351742870077,0.46344499773653236,0.7887476395385665,0.010638297872340425,0.05319148936170213,0.6267193698280026,0.39744680851063835,446,0.43239515100100584,0.07660162164393226,0.725825357584268,0.6214357876164213,0.574468085106383
FW_014_03,connectance_null,108,695,0.05958504801097394,5,0.9448611623265537,1.0,0.0,0.0,1.0,1.0,0.0,0.9259259259259259,0.0,6.435185185185185,0.4148395648892194,0.44981447039738814,1.5294192573952307e18,NaN,NaN,0.0,2.787017543859649,0.5880343436949297,0.2911522633744856,0.021604938271604937,0.15843621399176955,0.1526063100137174,0.5221713730857589,0.009259259259259259,1.0,0.5832221497729582,0.4846296296296297,4332,0.1580837990221651,0.12923166087557508,429.7019551177289,267043.8878504673,0.009259259259259259
FW_014_03,degree_null,108,684,0.05864197530864197,7,0.907601354042822,3.0,0.3888888888888889,0.5185185185185185,0.09259259259259259,0.7878787878787878,0.07407407407407407,0.5,0.0,6.333333333333333,1.3259714260277984,1.4405127624098648,2.071390162170047,3.148708815672306,1.58055151711275,7.716906135298388,1.4621004566210045,1.479295059721108,0.038408779149519894,0.030349794238683128,0.5078017832647462,0.449502743484225,0.7447293705153933,0.009259259259259259,0.037037037037037035,0.6384618580949977,0.41074074074074074,746,0.38164422887823024,0.06766613548851973,0.9694007806389906,0.8738645360732797,0.5185185185185185
FW_014_04,connectance_null,112,793,0.06321747448979592,5,0.948972053157207,1.0,0.0,0.0,1.0,1.0,0.0,0.9732142857142857,0.0,7.080357142857143,0.3872027432873513,0.3730194395192964,4.778967951963844e16,NaN,NaN,0.0,2.848276848276848,0.4992733096844698,0.3627232142857143,0.026785714285714284,0.18120216836734693,0.18542729591836735,0.5307939473837154,0.008928571428571425,1.0,0.5807636313307534,0.4844642857142856,5136,0.14991135677380954,0.12442099002525805,19.340443625380736,250.23423423423424,0.008928571428571428
FW_014_04,degree_null,112,804,0.06409438775510204,6,0.9201659801330374,3.0,0.30357142857142855,0.5892857142857143,0.10714285714285714,0.5897435897435898,0.10714285714285714,0.5446428571428571,0.0,7.178571428571429,1.3433569536251142,1.449761583015365,2.337320337303774,3.936062145204661,1.9027709133150044,8.115819701211327,1.3272892112420671,1.503005436786046,0.03220663265306122,0.044642857142857144,0.6255580357142857,0.5626594387755102,0.7876574815603944,0.008928571428571428,0.03571428571428571,0.5821563469417929,0.3725,702,0.41033794308071375,0.08086431790645054,1.0664297138686947,1.0389467710795863,0.5982142857142857
FW_015_01,connectance_null,96,625,0.06781684027777778,5,0.9458606829462077,1.0,0.0,0.0,1.0,1.0,0.0,0.9791666666666666,0.0,6.510416666666667,0.3892159438504138,0.3961725429525294,5.855885462143104e16,NaN,NaN,0.0,2.599283305227656,0.5472623417857674,0.3284505208333333,0.024848090277777776,0.1662326388888889,0.1664496527777778,0.5502920328355179,0.01041666666666667,1.0,0.5823964670337411,0.48333333333333334,3509,0.15697574260797478,0.12512214406322375,22.758847251236787,1063.7473684210527,0.010416666666666666
FW_015_01,degree_null,96,594,0.064453125,7,0.9206448110969646,3.0,0.3125,0.5104166666666666,0.17708333333333334,0.7121212121212122,0.09375,0.5416666666666666,0.0,6.1875,1.2876687239427105,1.3432652497981472,2.1864664740290496,3.907361963190184,1.8343508368357484,8.089482474360754,1.4504219409282701,1.4743993238596742,0.07161458333333333,0.06065538194444445,0.4549696180555556,0.4282769097222222,0.7660224316265662,0.010416666666666666,0.09375,0.6020097090270103,0.4069791666666667,703,0.3530165064140041,0.14337725458391917,0.8148690129591265,0.7690730789761759,0.5104166666666666
FW_015_02,connectance_null,83,431,0.06256350704020903,6,0.9433312933695291,1.0,0.0,0.0,1.0,1.0,0.0,0.8795180722891566,0.0,5.192771084337349,0.4872352064441874,0.38215403657460906,1.5918031522035165e17,NaN,NaN,0.0,2.722820763956905,0.6328897487152523,0.23138336478443897,0.014225577006822471,0.1095950065321527,0.120917404557991,0.5335412341279108,0.01204819277108434,1.0,0.5844060850609681,0.4509638554216868,2090,0.17170517351411738,0.11489822816802563,50.756771432196665,1610.9268292682927,0.012048192771084338
FW_015_02,degree_null,83,405,0.0587893743649296,5,0.9275198540066371,3.0,0.25301204819277107,0.5783132530120482,0.1686746987951807,0.5645161290322581,0.13253012048192772,0.5903614457831325,0.0,4.879518072289157,1.1281359552339854,1.556293110302108,2.2245445594208304,2.9972413793103447,1.288583668724093,7.27931883541462,1.4173106646058733,1.5234276544913699,0.052837857453912035,0.039338075192335606,0.4179126143126724,0.25504427347946,0.7392140408000251,0.012048192771084336,0.0,0.6096542219495709,0.43975903614457834,447,0.41684141901832295,0.15478299632122447,0.6337615966476436,0.6600793288135409,0.5783132530120482
FW_015_03,connectance_null,93,522,0.060353798126951096,6,0.9446831201445735,1.0,0.021505376344086023,0.0,0.978494623655914,1.021978021978022,0.0,0.9354838709677419,0.0,5.612903225806452,0.4632722069226779,0.4504338490555099,42.26009166306262,NaN,NaN,0.0,2.556889651229274,0.6288683443191148,0.27286391490345707,0.019771071800208116,0.13978494623655913,0.14383165683894092,0.5368194333495839,0.010752688172043013,0.978494623655914,0.5694076890268022,0.4664516129032258,2860,0.16149617155440657,0.12171553492835825,6.220676984142851,47.175717717770446,0.021505376344086023
FW_015_03,degree_null,93,530,0.06127876055035264,7,0.9290834694884811,3.0,0.22580645161290322,0.5698924731182796,0.20430107526881722,0.5555555555555556,0.10752688172043011,0.6021505376344086,0.0,5.698924731182796,1.3237169990983422,1.3692036394718519,2.822812529234891,5.0802067381317,1.8621553916898814,8.561018670956267,1.4337349397590362,1.4878338632159223,0.0528384784368135,0.04671060238177824,0.4170424326511735,0.39831194357729216,0.766302527330302,0.01075268817204301,0.053763440860215055,0.5694037192324714,0.3852688172043011,560,0.3770644002764943,0.11539399123865454,1.2901529398470246,1.4003312935492729,0.5698924731182796
FW_015_04,connectance_null,107,964,0.0841994934055376,4,0.9474906082218174,1.0,0.0,0.0,1.0,1.0,0.0,1.0,0.0,9.009345794392523,0.332461940658407,0.3264647279261693,7.674547623097112e16,NaN,NaN,0.0,2.4736004245157868,0.472389458354738,0.5388243514717442,0.0524063236963927,0.26901912830814917,0.2711153812560049,0.6019665947037107,0.009345794392523364,1.0,0.5652204598607019,0.49925233644859807,5591,0.14944070144582472,0.16658769789367872,25.75206963272142,502.33962264150944,0.009345794392523364
FW_015_04,degree_null,107,907,0.0792208926543803,7,0.9339131244375937,3.0,0.16822429906542055,0.4953271028037383,0.3364485981308411,0.6067415730337079,0.0,0.7663551401869159,0.0,8.476635514018692,1.0919003894624026,1.289396754353926,5.504907246839036,4.774381000505306,1.9171309323410872,8.28349412616251,1.8098311817279047,1.255139092555904,0.11922438640929339,0.09668966721984452,0.7311555594375054,0.5867761376539435,0.774475413280098,0.009345794392523364,0.3177570093457944,0.5439546153415524,0.41532710280373825,1315,0.3474805563382401,0.15562600336415763,2.6726780354049526,5.269157491193301,0.4953271028037383
FW_016_01,connectance_null,37,242,0.17677136596055515,3,0.9345308378035623,1.0,0.02702702702702703,0.0,0.972972972972973,1.0277777777777777,0.0,0.972972972972973,0.0,6.54054054054054,0.37726339858339325,0.2662716492345567,30.746823516834116,NaN,NaN,0.0,2.1082529474812435,0.4161911317771911,0.5310445580715851,0.09861212563915267,0.25785244704163623,0.28268809349890434,0.8371883595001701,0.027027027027027032,0.972972972972973,0.5587804339713295,0.5032432432432432,496,0.23996312902962513,0.3014589764589765,5.502108846211766,28.84602044471739,0.02702702702702703
FW_016_01,degree_null,37,219,0.15997078159240322,4,0.9041844916459316,2.0,0.02702702702702703,0.2702702702702703,0.7027027027027027,0.75,0.0,0.9459459459459459,0.0,5.918918918918919,0.5844164179913675,1.305268888265945,9.602092019802372,4.987261146496815,1.7283146180286293,6.154858094016418,1.641025641025641,1.2621159305375163,0.19211102994886778,0.23301680058436816,0.7268078889700511,0.20014609203798392,0.9965637298821883,0.02702702702702703,0.5405405405405406,0.5236347983874667,0.47270270270270265,135,0.459518745078767,0.5427433427359393,2.822305215240987,2.9947734583632704,0.2972972972972973
FW_017_01,connectance_null,217,831,0.017647433583214765,10,0.952537730449049,1.0,0.02304147465437788,0.009216589861751152,0.967741935483871,1.0141509433962264,0.0,0.8755760368663594,0.0,3.8294930875576036,0.5296723289090177,0.5373646525028901,37.4156743330405,4.666666666666667,1.505545305418162,1.791759469228055,2.9377021276595743,0.7297248265515833,0.061627981057147105,0.0012104737836862113,0.032343010044808766,0.03215188260527937,0.3027315557807373,0.004608294930875575,0.967741935483871,0.5708727832839084,0.40723502304147474,9855,0.13970645140053473,0.03880369637100173,6.37826880731409,45.87265793553164,0.027649769585253458
FW_017_01,degree_null,217,795,0.016882923825097155,1,0.9267421693654667,2.0,0.8847926267281107,0.17972350230414746,-0.06451612903225806,7.12,0.1152073732718894,0.0,0.0,3.6635944700460827,3.925766474632443,0.8723927073792318,1.1152073732718892,0.9826946847960445,0.13048711853245046,6.695798917058491,1.0,3.7634362210587864,0.0,0.0,0.04591305825139629,0.4969101063942747,0.6897976146428182,0.004608294930875576,0.0,0.9423963133640553,0.4288018433179724,928,0.614909076909655,0.0,4.850479609141779e-15,0.10240655401945717,0.8847926267281107
FW_017_02,connectance_null,164,491,0.01825550267697799,10,0.9541322342548315,1.0,0.04878048780487805,0.04878048780487805,0.9024390243902439,1.0,0.0,0.823170731707317,0.0,2.9939024390243905,0.5737706633044094,0.5629323273178299,17.36665571523295,6.0,2.240535650240808,4.61512051684126,3.341873498799039,0.8517585266189449,0.0520523497917906,0.000817965496728138,0.024985127900059488,0.024985127900059488,0.3211968574421606,0.006097560975609756,0.8902439024390244,0.5708831688170427,0.38146341463414635,3625,0.17005853225365428,0.051441952356586496,3.709139894304879,20.462623752535837,0.06707317073170732
FW_017_02,degree_null,164,513,0.01907346817370613,1,0.9117348402680088,2.0,0.8597560975609756,0.21341463414634146,-0.07317073170731707,5.608695652173913,0.1402439024390244,0.0,0.0,3.1280487804878048,3.8970902952101043,0.8609908604063298,1.1402439024390243,0.9771428571428571,0.14959049882646092,6.263398262591624,1.0,3.7304621820993855,0.0,0.0,0.04227394408090422,0.4705904223676383,0.7173342607010347,0.006097560975609756,0.0,0.929878048780488,0.4274390243902439,375,0.6399682619183505,0.0,1.863864918304354e-15,0.12131527756995338,0.8597560975609756
FW_017_03,connectance_null,165,854,0.031368227731864096,7,0.9518185815966561,1.0,0.0,0.0,1.0,1.0,0.0,0.8848484848484849,0.0,5.175757575757576,0.4245610531557594,0.3968503483290946,8.941780296251418e16,NaN,NaN,0.0,3.2951337686960187,0.5748167865608969,0.143287419651056,0.004738292011019283,0.06909090909090909,0.07125803489439853,0.3819592450264968,0.006060606060606061,1.0,0.5971615902816793,0.45515151515151514,8674,0.1343260500630393,0.06334116608391868,17.601527236215837,204.4878048780488,0.006060606060606061
FW_017_03,degree_null,165,841,0.030890725436179982,1,0.9316681486863638,2.0,0.8424242424242424,0.18787878787878787,-0.030303030303030304,5.153846153846154,0.15757575757575756,0.0,0.0,5.096969696969697,3.234586402224733,0.7919918191037428,1.1575757575757575,0.9940898345153665,0.0766954260038589,6.740519359606223,1.0,3.01290642288027,0.0,0.0,0.11235996326905417,0.8819467401285583,0.7355306669016708,0.006060606060606061,0.0,0.9212121212121214,0.47884848484848486,844,0.619038246504582,0.0,3.131877204180027e-15,0.13355506282335558,0.8424242424242424
FW_017_04,connectance_null,120,511,0.035486111111111114,8,0.9486424162683421,5.0,0.025,0.0,0.975,1.0256410256410255,0.0,0.925,0.0,4.258333333333334,0.4951209243622669,0.504393801998291,45.4693164418669,NaN,NaN,0.0,2.743662864385298,0.6793745394113856,0.12763888888888889,0.005486111111111111,0.0661111111111111,0.06541666666666666,0.41895308458463765,0.008333333333333333,0.975,0.5802841622167617,0.4431666666666667,3656,0.15874245900954284,0.07288054051211947,6.733403324382831,64.93329049049028,0.025
FW_017_04,degree_null,120,480,0.03333333333333333,1,0.9332344779410503,2.0,0.7583333333333333,0.25,-0.008333333333333333,3.103448275862069,0.24166666666666667,0.0,0.0,4.0,2.622622973380696,0.9138293241155294,1.2416666666666667,0.997920997920998,0.04559607525875535,6.175867270105761,1.0,2.38671920665766,0.0,0.0,0.10520833333333333,0.5047222222222222,0.673387043460905,0.008333333333333333,0.0,0.8791666666666665,0.4799999999999999,522,0.5120208593348008,0.0,2.0684584882604753e-15,0.18480392156862746,0.7583333333333333
FW_017_05,connectance_null,182,560,0.0169061707523246,10,0.9562504208585865,1.0,0.03296703296703297,0.038461538461538464,0.9285714285714286,0.9943181818181818,0.005494505494505495,0.8131868131868132,0.0,3.076923076923077,0.5792271951889076,0.5782188310446017,24.417605289463005,8.209523809523809,2.966788078348621,4.653960350157523,2.5127511591962906,0.7974363273218725,0.047246709334621426,0.0009660669001328342,0.024453568409612367,0.024423378818983214,0.30387135904631796,0.005494505494505494,0.9120879120879121,0.5641561443744185,0.3754945054945054,4613,0.16383616987842498,0.044743321391673044,5.210049849909547,35.10318377388011,0.07142857142857142
FW_017_05,degree_null,182,548,0.016543895664774787,1,0.9354364106979077,2.0,0.9065934065934066,0.2032967032967033,-0.10989010989010989,8.529411764705882,0.09340659340659341,0.0,0.0,3.010989010989011,4.197207111146428,0.8643564644742378,1.0934065934065933,0.9647887323943662,0.18447587534780582,6.342121418721152,1.0,4.043836038686489,0.0,0.0,0.03514068349233184,0.4529948073904118,0.7116395026359096,0.005494505494505495,0.0,0.9532967032967037,0.5026373626373626,439,0.6535676294988838,0.0,2.6734002665352594e-15,0.08514965697286128,0.9065934065934066
FW_017_06,connectance_null,142,751,0.037244594326522516,7,0.9523398141957777,1.0,0.007042253521126761,0.028169014084507043,0.9647887323943662,0.9787234042553191,0.0,0.9507042253521126,0.0,5.288732394366197,0.42224696700066083,0.442192786474353,346.4853241065567,6.1875,1.1086778913041726,2.772588722239781,2.937228527392462,0.606066486693465,0.16122793096607815,0.005901606824042849,0.08237452886332076,0.08143225550486015,0.418048665111569,0.007042253521126761,0.9647887323943662,0.5867537542075925,0.45992957746478874,6412,0.13572464251050204,0.07470569451721067,21.343003477142627,912.076298122569,0.028169014084507043
FW_017_06,degree_null,142,720,0.03570720095219203,1,0.9299194863982921,2.0,0.823943661971831,0.19718309859154928,-0.02112676056338028,4.56,0.176056338028169,0.0,0.0,5.070422535211268,2.9775870695962072,0.7905125135933161,1.176056338028169,0.995850622406639,0.06432638239947715,6.583409222158765,1.0,2.7343647148855306,0.0,0.0,0.12884348343582622,0.8696191231898432,0.7390949530169316,0.007042253521126759,0.0,0.9119718309859155,0.49098591549295784,633,0.58250234872437,0.0,2.2277223783921258e-15,0.14608930176805499,0.823943661971831
FW_001,connectance_null,40,181,0.113125,6,0.9317900049836201,1.0,0.0,0.0,1.0,1.0,0.0,0.9,0.0,4.525,0.43336970485283305,0.36429299944904814,7.0096486416703336e16,NaN,NaN,0.0,2.2172701949860723,0.49529772244073805,0.2925,0.035625,0.13875,0.156875,0.6877054339982948,0.025,1.0,0.5911403308451298,0.45375,400,0.22534882171492074,0.2093362193362193,11.227957739090039,1248.820512820513,0.025
FW_001,degree_null,40,167,0.104375,7,0.9051326578074214,3.0,0.175,0.125,0.7,1.0606060606060606,0.025,0.625,0.0,4.175,1.2799999402392803,0.8418473452745582,6.647586066898279,4.619318181818182,1.7752171990762438,5.170483995038151,1.6044303797468353,1.2528924051615344,0.128125,0.099375,0.208125,0.3925,0.8630064052696321,0.025,0.625,0.5583152893630319,0.37300000000000005,123,0.3742655958807275,0.3183293626308333,3.0302223147447602,10.302413695729387,0.225
FW_008,connectance_null,249,3286,0.052999145175077825,4,0.956601676994863,1.0,0.0,0.0,1.0,1.0,0.0,1.0,0.0,13.196787148594378,0.2798851702205803,0.2610522554145223,9.815653473353827e16,NaN,NaN,0.0,2.6600345453352867,0.38839844261006656,0.5671360139352591,0.030757568426315704,0.28039870324672184,0.28388251802390285,0.47107080747326485,0.004016064257028111,1.0,0.5516989361029483,0.5016064257028112,38374,0.11277216791554165,0.1003162391036668,35.87774390676804,3048.2580645161293,0.004016064257028112
FW_008,degree_null,249,3053,0.04924114127191497,10,0.9173750713552825,4.0,0.01606425702811245,0.05622489959839357,0.927710843373494,0.9591836734693877,0.004016064257028112,0.9518072289156626,0.0,12.261044176706827,0.9260444275859391,1.7639377101483142,12.607574367170328,10.136754148523009,2.764677121410598,10.14608072767165,2.573186492105411,1.8161430266799001,0.23485105078950338,0.12283672843986387,1.0717891646908921,0.38970339188077613,0.7141768480588785,0.004016064257028113,0.9236947791164659,0.5136565027886966,0.46076305220883534,18626,0.24085786478486151,0.2698722591192647,3.154321326507783,3.7008088826963443,0.0642570281124498
benguela,connectance_null,29,181,0.21521997621878716,4,0.9216324214831295,1.0,0.0,0.0,1.0,1.0,0.0,0.9310344827586207,0.0,6.241379310344827,0.42746969135794455,0.3223110447976006,-7.969073999304442e16,NaN,NaN,0.0,2.015267175572519,0.539306087004152,0.4684898929845422,0.13555291319857313,0.20927467300832342,0.262782401902497,0.9271466536245606,0.034482758620689655,1.0,0.5815245463099287,0.4993103448275862,251,0.27309500477855636,0.4159067774686436,23.42960408228071,438.85714285714283,0.034482758620689655
benguela,degree_null,29,184,0.21878715814506539,5,0.8770465934032065,2.0,0.13793103448275862,0.13793103448275862,0.7241379310344828,1.0,0.10344827586206896,0.7241379310344828,0.0,6.344827586206897,0.9183094133454919,0.7995281149460923,4.6283903687970565,5.905927835051546,1.9563404717065767,6.654152520183219,1.7046153846153846,0.8509446050724871,0.187871581450654,0.44589774078478,0.4399524375743163,0.5755053507728894,1.0711889515603372,0.03448275862068966,0.6206896551724138,0.5545291112560603,0.43862068965517237,63,0.5028251873955802,0.5472402826998749,1.7905687828600576,3.70885423807972,0.20689655172413793
bridge_brook,connectance_null,25,102,0.1632,5,0.9188330623097526,1.0,0.0,0.0,1.0,1.0,0.0,0.64,0.0,4.08,0.45260258119165164,0.5431009756411848,-4.825961495019532e16,NaN,NaN,0.0,2.065934065934066,0.7342039849235612,0.2912,0.0512,0.1808,0.1568,0.8595382821397214,0.039999999999999994,1.0,0.5937010867778592,0.45039999999999997,116,0.270607598112242,0.32801998001998,5.277910436435425,18.666666666666668,0.04
bridge_brook,degree_null,25,105,0.168,5,0.8991133626133213,3.0,0.4,0.16,0.44,1.4,0.08,0.48,0.0,4.2,1.1785113019775793,0.727392967453308,2.219898451879542,4.92497320471597,1.535959572131101,6.838405200847344,1.412121212121212,1.0780220402544545,0.112,0.1808,0.1904,0.472,0.9951726509303608,0.039999999999999994,0.28,0.6786708791208791,0.4708000000000001,40,0.4915571923776259,0.42454856254856255,1.0306557853070741,1.1955514528322373,0.4
broom,connectance_null,85,211,0.02920415224913495,14,0.9522418678906724,2.0,0.09411764705882353,0.08235294117647059,0.8235294117647058,1.0129870129870129,0.058823529411764705,0.6941176470588235,0.0,2.4823529411764707,0.6418216922742578,0.6014188576400175,6.0914839505550535,5.257575757575758,1.74805919685546,4.189654742026425,2.025252525252525,0.7624364949482721,0.055778546712802766,0.002629757785467128,0.02948096885813149,0.03072664359861592,0.4005489808520155,0.011764705882352941,0.7176470588235294,0.5524092683694346,0.36023529411764715,626,0.19811926635456029,0.0757516339869281,2.1834159660514385,6.229914875964776,0.12941176470588237
broom,degree_null,85,226,0.031280276816609,7,0.9396688165137762,3.0,0.17647058823529413,0.611764705882353,0.21176470588235294,0.4714285714285714,0.10588235294117647,0.5647058823529412,0.0,2.6588235294117646,1.0227127369468982,2.0066436146903084,3.5283120899432707,5.303867403314917,2.0840377486632526,7.501082124259871,1.4682779456193353,2.2553023162573953,0.05411764705882353,0.01591695501730104,0.1673356401384083,0.04899653979238754,0.711123456688365,0.011764705882352941,0.16470588235294117,0.5018683033551624,0.2932941176470588,278,0.4093035055400525,0.18240029628597593,1.5102384956846377,2.663387993336953,0.611764705882353
canton,connectance_null,102,688,0.0661284121491734,6,0.9481489881116866,1.0,0.0,0.0,1.0,1.0,0.0,0.9705882352941176,0.0,6.745098039215686,0.3322879020982499,0.38563799060089715,3.01717218073275e16,NaN,NaN,0.0,2.561543050308212,0.4733279542618292,0.33294886582083816,0.021241830065359478,0.172241445597847,0.16762783544790466,0.5330175977102902,0.00980392156862745,1.0,0.5866361849203297,0.49245098039215685,4306,0.15620797328149746,0.12154011977765077,4.951995274821559,39.12871287128713,0.00980392156862745
canton,degree_null,102,654,0.06286043829296424,4,0.9130718931502769,3.0,0.5392156862745098,0.3627450980392157,0.09803921568627451,1.3829787234042554,0.18627450980392157,0.27450980392156865,0.0,6.411764705882353,1.4019276439428137,1.2758320576527522,1.4913777718219612,2.152798789712557,0.966170650727434,7.186901020411631,1.1721518987341772,1.3748775446917065,0.03594771241830065,0.027297193387158785,0.4676086120722799,0.5349865436370627,0.7324016472028904,0.00980392156862745,0.0,0.7696078431372547,0.45294117647058824,751,0.4074183562801586,0.0726153229392999,0.23811950925051137,0.28980194886198346,0.5392156862745098
chesapeake,connectance_null,31,65,0.06763787721123829,11,0.9543901804882619,1.0,0.06451612903225806,0.0967741935483871,0.8387096774193549,0.9655172413793104,0.03225806451612903,0.6129032258064516,0.0,2.096774193548387,0.7004422384383742,0.7217664065070709,12.951459075831586,6.6923076923076925,1.9343056794463644,3.258096538021482,2.0,0.9167131062290699,0.10613943808532779,0.008324661810613945,0.06347554630593132,0.05619146722164412,0.6373780035781185,0.03225806451612903,0.7741935483870968,0.5521250933601503,0.31258064516129036,41,0.22289019224503098,0.08320532514080901,3.238366959841976,22.821301520900715,0.16129032258064516
chesapeake,degree_null,31,68,0.07075962539021852,9,0.9261997859030275,3.0,0.2903225806451613,0.3870967741935484,0.3225806451612903,0.8636363636363636,0.0967741935483871,0.5806451612903226,0.0,2.193548387096774,0.884140346466066,1.2754898192943032,2.6340486477895437,4.257575757575758,2.26024795005851,4.882801922586371,1.4368932038834952,1.3660120946301662,0.044745057232049947,0.022892819979188347,0.11446409989594172,0.05827263267429761,0.7446320762082317,0.03225806451612903,0.2903225806451613,0.5854451046972269,0.3835483870967742,46,0.30931899641577065,0.2453917050691244,1.1537114560985793,1.5678732556094992,0.45161290322580644
coachella,connectance_null,29,240,0.2853745541022592,3,0.9134665254517662,1.0,0.0,0.0,1.0,1.0,0.0,1.0,0.0,8.275862068965518,0.3145922026501196,0.2957977007380293,3.1520908888794355e17,NaN,NaN,0.0,1.7339593114241,0.44816230805934515,0.4577883472057075,0.178359096313912,0.23305588585017836,0.25326991676575505,1.005008889055334,0.034482758620689655,1.0,0.56185784220222,0.5144827586206897,293,0.3147710820043835,0.4927099495050814,99.52469469210388,4827.428571428572,0.034482758620689655
coachella,degree_null,29,247,0.29369797859690844,6,0.8763220612403433,2.0,0.13793103448275862,0.034482758620689655,0.8275862068965517,1.12,0.0,0.7931034482758621,0.0,8.517241379310345,0.7960714062889112,0.5967104751180395,5.807228511069516,6.088300220750551,1.9543846728551422,6.115892125483034,1.771799628942486,0.7395581350365924,0.31272294887039237,0.7063020214030915,0.3995243757431629,0.6575505350772889,1.152947034162483,0.03448275862068966,0.8275862068965517,0.5672555321365292,0.469655172413793,100,0.5220695766835196,0.6802716598176841,2.2098316487478153,4.2260392962974125,0.13793103448275862
el_verde,connectance_null,155,1510,0.06285119667013528,4,0.9533387311958339,1.0,0.0,0.0,1.0,1.0,0.0,1.0,0.0,9.741935483870968,0.2968232598911387,0.2975139879247143,1.1530524058243246e17,NaN,NaN,0.0,2.6735522171068573,0.42280485675913937,0.4542767950052029,0.030301768990634755,0.224474505723205,0.22626430801248698,0.5142259120660394,0.0064516129032258064,1.0,0.5623418142026325,0.5004516129032257,12666,0.1322585939287982,0.12353040528830203,29.903111969931935,2212.5714285714284,0.0064516129032258064
el_verde,degree_null,155,1434,0.05968782518210198,8,0.9113485126113645,4.0,0.24516129032258063,0.15483870967741936,0.6,1.1196581196581197,0.01935483870967742,0.6903225806451613,0.0,9.251612903225807,1.269617522073475,1.1874235423159618,4.743471511138326,9.676530143231593,2.7167868541161813,11.296000040969249,2.192346424974824,1.8564684470536033,0.2796253902185224,0.1245369406867846,0.3825182101977107,0.4164828303850156,0.8253957214447766,0.0064516129032258064,0.632258064516129,0.559021817486533,0.41529032258064513,4121,0.26305511345986904,0.3026040925610181,2.0464030575582126,5.366510871016429,0.25806451612903225
grass,connectance_null,61,84,0.022574576726686373,13,0.9717489521372354,5.0,0.22950819672131148,0.22950819672131148,0.5409836065573771,1.0,0.08196721311475409,0.4098360655737705,0.0,1.3770491803278688,0.7862101609834103,0.7159999271589418,4.279256278300818,3.6,1.7855630188032143,3.5553480614894135,2.4265232974910393,1.1065431897074016,0.030636925557645793,0.0002687449610319806,0.011556033324375168,0.01263101316850309,0.4164482338332883,0.016393442622950824,0.2786885245901639,0.5053363157858832,0.2568852459016393,21,0.2361306271142336,0.004918032786885246,1.514964101839972,7.119919884499997,0.3114754098360656
grass,degree_null,61,108,0.02902445579145391,5,0.9371994617339807,2.0,0.36065573770491804,0.4262295081967213,0.21311475409836064,0.8974358974358975,0.13114754098360656,0.36065573770491804,0.0,1.7704918032786885,1.676759563486923,1.2519429344467388,2.3135804693181745,2.25,1.403776419268438,4.787491742782046,1.115702479338843,1.799665130411393,0.018005912389142703,0.004568664337543671,0.04622413329750067,0.07766729373824241,0.6032610472436056,0.016393442622950817,0.0,0.5594895859119005,0.2709836065573771,66,0.3447960153412755,0.09253240598467215,0.9833284609854854,1.3966572725810722,0.5245901639344263
little_rock,connectance_null,92,992,0.11720226843100189,4,0.9445360813740673,1.0,0.0,0.0,1.0,1.0,0.0,0.9456521739130435,0.0,10.782608695652174,0.2964255972868666,0.26654093568100606,3.769233837929146e16,NaN,NaN,0.0,2.239652767012866,0.37811051537166657,0.7599243856332704,0.10597826086956522,0.3771266540642722,0.3863421550094518,0.6874959892229814,0.010869565217391304,1.0,0.5592167824173699,0.507717391304348,4380,0.17594430145642073,0.2271192361298262,6.7167799555242205,367.1208791208791,0.010869565217391304
little_rock,degree_null,92,965,0.11401228733459358,7,0.9103814157431004,4.0,0.2717391304347826,0.021739130434782608,0.7065217391304348,1.3432835820895523,0.021739130434782608,0.6086956521739131,0.0,10.48913043478261,1.4519543462978386,0.6111065225985984,5.675674349313501,8.5894173482783,2.560055696359138,9.200593020521303,1.809250920998772,1.4369134478184056,0.29631379962192816,0.31332703213610585,0.32868620037807184,1.250827032136106,0.9232763227566599,0.010869565217391302,0.6847826086956522,0.6118230603872274,0.42489130434782607,1329,0.38316688022805045,0.42823155671959234,3.10441645275264,10.223313064483479,0.2826086956521739
reef,connectance_null,50,571,0.2284,3,0.9296342988496586,1.0,0.0,0.0,1.0,1.0,0.0,1.0,0.0,11.42,0.2842080944059797,0.2718251585352308,3.4845346450436852e16,NaN,NaN,0.0,1.8626880155264434,0.32397125956945,0.9396,0.3248,0.4824,0.4904,0.9311577763568408,0.020000000000000004,1.0,0.5514376819552105,0.5181999999999999,1143,0.2580760585735694,0.41900718909789786,9.303951046999016,50.93877551020408,0.02
reef,degree_null,50,532,0.2128,5,0.8958325307120404,3.0,0.12,0.04,0.84,1.0909090909090908,0.0,0.8,0.0,10.64,0.8822212431930619,0.6271045206089976,7.994888707263442,5.0,1.5141060091032996,5.68697535633982,1.7675597393193339,0.9545119898190715,0.4544,0.5168,0.4808,0.7948,1.0454328214672037,0.02,0.84,0.5550921137349931,0.4738000000000001,506,0.4165856436553457,0.5400606018484022,2.630083594605943,7.472035518673639,0.12
shelf,connectance_null,79,1358,0.21759333440153822,3,0.9403866077823727,1.0,0.0,0.0,1.0,1.0,0.0,1.0,0.0,17.189873417721518,0.2480512359925261,0.196522409965952,5.231286614398152e16,NaN,NaN,0.0,1.8473753035680927,0.31839989217879916,1.332318538695722,0.37141483736580677,0.6655984617849704,0.6885114564973562,0.8949586457566694,0.012658227848101266,1.0,0.5366575136608591,0.5062025316455697,3477,0.23094363227207731,0.39261060372668893,10.748590419668089,210.05128205128204,0.012658227848101266
shelf,degree_null,79,1323,0.21198525877263258,7,0.8947813647518446,2.0,0.0759493670886076,0.06329113924050633,0.8607594936708861,1.0136986301369864,0.0,0.8607594936708861,0.0,16.746835443037973,0.8483799679699616,0.7235031942979354,8.245720325203118,6.424610894941634,1.9656805670893172,7.628517626575055,2.123960695389267,0.8404983059010858,0.6210543182182342,0.9259734016984458,1.1233776638359236,1.4116327511616729,1.0272530160562192,0.012658227848101264,0.8607594936708861,0.5373769148908956,0.46544303797468345,1453,0.4294028899877534,0.5103777821968545,2.4859797545875537,5.262789730313316,0.0759493670886076
skipwith,connectance_null,25,161,0.2576,4,0.925235595682082,1.0,0.0,0.0,1.0,1.0,0.0,0.92,0.0,6.44,0.32348861267080214,0.2976077952684275,-1.4960248228292083e17,NaN,NaN,0.0,1.8622129436325678,0.448969947043508,0.424,0.128,0.2032,0.2192,0.9685510251704633,0.04,1.0,0.5818780347103129,0.5111999999999999,198,0.3112464732318279,0.4360910200910202,21.462548632182987,2346.6666666666665,0.04
skipwith,degree_null,25,182,0.2912,7,0.8596033403390694,2.0,0.2,0.04,0.76,1.2,0.04,0.68,0.0,7.28,0.9603275996971491,0.5400989904213598,3.371121413548809,3.0,1.0,2.70805020110221,1.4221453287197232,0.7366104781894656,0.16,0.5488,0.3328,0.8048,1.128915366810961,0.039999999999999994,0.68,0.5932825593395252,0.4476,46,0.6129296148296148,0.657405738740104,1.3743838037761644,1.8099683712772343,0.2
st_marks,connectance_null,48,228,0.09895833333333333,6,0.9328672913669636,1.0,0.0,0.0,1.0,1.0,0.0,0.8541666666666666,0.0,4.75,0.5256434675605667,0.4221709672314895,1.615172904379791e17,NaN,NaN,0.0,2.324612403100775,0.6657426652986063,0.3094618055555556,0.03819444444444445,0.15104166666666666,0.1792534722222222,0.684847421438286,0.020833333333333332,1.0,0.5910620751361185,0.44333333333333336,576,0.19259112380810284,0.20975858632108635,53.075316836399374,1721.1914893617022,0.020833333333333332
st_marks,degree_null,48,239,0.1037326388888889,6,0.9087532271926838,2.0,0.20833333333333334,0.22916666666666666,0.5625,0.9736842105263158,0.020833333333333332,0.7291666666666666,0.0,4.979166666666667,0.8515642252011807,1.0369703348322343,3.65434656547299,4.283524904214559,1.8902779171817796,5.564520407322694,1.7382671480144405,1.295595948241584,0.20572916666666666,0.09765625,0.2881944444444444,0.2105034722222222,0.8574875807354092,0.02083333333333334,0.5416666666666666,0.5812639644559452,0.4639583333333333,294,0.3069919561202449,0.3460132043094504,1.5467410696996706,2.41755746087603,0.25
st_martins,connectance_null,42,186,0.1054421768707483,5,0.9353974303833106,1.0,0.0,0.0,1.0,1.0,0.0,0.8809523809523809,0.0,4.428571428571429,0.4265258686664967,0.5210232156428358,-2.7521466797624208e17,NaN,NaN,0.0,2.2242339832869082,0.7045447753864564,0.2653061224489796,0.02891156462585034,0.1388888888888889,0.1349206349206349,0.6949137659996908,0.023809523809523808,1.0,0.5865339411173858,0.4642857142857143,449,0.2093346141057331,0.20541508755794466,54.45115122571137,1548.4878048780488,0.023809523809523808
st_martins,degree_null,42,202,0.1145124716553288,8,0.9051234926743269,4.0,0.23809523809523808,0.21428571428571427,0.5476190476190477,1.03125,0.023809523809523808,0.7142857142857143,0.0,4.809523809523809,1.0908177413161746,0.8370390213562002,3.260160794306251,6.988083889418494,2.330030576613117,7.6487397889562425,1.8565737051792828,1.1059033109508367,0.1933106575963719,0.12585034013605442,0.2613378684807256,0.38945578231292516,0.8696184380867801,0.023809523809523808,0.5476190476190477,0.5934333450061109,0.4464285714285714,202,0.33093362188452863,0.2756481240514854,1.3787779980283588,1.9448406476474611,0.23809523809523808
stony,connectance_null,109,833,0.07011194343910446,5,0.9471460449403525,1.0,0.0,0.0,1.0,1.0,0.0,0.9908256880733946,0.0,7.6422018348623855,0.35503053931496403,0.37753789003818883,1.6827703735679005e17,NaN,NaN,0.0,2.637463976945245,0.536598531788316,0.4030805487753556,0.028112111775103105,0.2054540863563673,0.20149819038801448,0.5566723640772601,0.009174311926605505,1.0,0.5787075215423733,0.4942201834862386,5276,0.15068426966268514,0.13480287526543147,57.67445040223075,2541.037037037037,0.009174311926605505
stony,degree_null,109,798,0.0671660634626715,5,0.9164773576558614,3.0,0.5688073394495413,0.28440366972477066,0.14678899082568808,1.6595744680851063,0.13761467889908258,0.29357798165137616,0.0,7.321100917431193,1.4305176495918364,1.3086724550594182,1.4674791784547734,3.412001148435257,1.5037554321660582,8.155649270366002,1.3296803652968037,1.4572748840141827,0.046629071626967424,0.04671323962629408,0.5827792273377662,0.6640855146873159,0.781455166527216,0.009174311926605507,0.0,0.7844036697247708,0.44862385321100917,909,0.41558197840658545,0.09734981735762481,0.27165384721868163,0.2955533073552513,0.5688073394495413
ythan,connectance_null,82,370,0.055026769779892924,7,0.9458711672767727,1.0,0.0,0.012195121951219513,0.9878048780487805,0.9878048780487805,0.0,0.9146341463414634,0.0,4.512195121951219,0.41824749491543767,0.44630242271265547,3.3302369091196887e18,NaN,NaN,0.0,2.592241768155165,0.6345088812927353,0.2024092801903629,0.011600237953599048,0.09726353361094586,0.09637120761451518,0.5108116834841023,0.012195121951219513,0.9878048780487805,0.6016630611721844,0.45426829268292684,1777,0.16793961809583255,0.11046470467202174,901.7043475328418,524288.0,0.012195121951219513
ythan,degree_null,82,355,0.05279595478881618,7,0.9198489822363703,3.0,0.18292682926829268,0.43902439024390244,0.3780487804878049,0.6865671641791045,0.07317073170731707,0.6219512195121951,0.0,4.329268292682927,1.0675293336880665,1.5945671635451821,4.968827125705864,4.303660565723794,1.5192804438405976,7.091742115095153,1.996066089693155,1.9391065489382646,0.11213563355145746,0.052201070791195715,0.27558001189767994,0.13488994646044022,0.816567301126332,0.012195121951219513,0.34146341463414637,0.5287170148395145,0.364390243902439,450,0.31516853057843963,0.2508896443407221,2.385851023340729,5.913409045514812,0.43902439024390244
